entry_id,year_from,year_to,region_africa,region_central_eurasia,region_east_asia,region_europe,region_north_america,region_oceania_australia,region_south_america,region_south_asia,region_southeast_asia,region_southwest_asia,entrytag_9,entrytag_14,entrytag_18,entrytag_24,entrytag_38,entrytag_123,entrytag_508,entrytag_510,entrytag_905,entrytag_14828
23,-1250,-1045,0,0,1,0,0,0,0,0,0,0,0,0,0,0,0,1,0,0,0,0
173,90,120,0,0,0,0,0,0,0,0,0,1,0,0,1,0,0,0,0,0,0,0
174,50,160,0,0,0,0,0,0,0,0,0,1,0,0,1,0,0,0,0,0,0,0
176,-150,68,0,0,0,0,0,0,0,0,0,1,0,0,0,0,0,0,0,0,0,0
177,30,70,0,0,0,0,0,0,0,0,0,1,0,0,1,0,0,0,0,0,0,0
178,-206,220,0,0,1,0,0,0,0,0,0,0,0,0,0,0,0,1,0,0,0,0
180,-350,200,0,0,1,0,0,0,0,0,0,0,0,0,0,0,0,1,0,0,0,0
182,48,56,0,0,0,1,0,0,0,0,0,0,0,0,1,0,0,0,0,0,0,0
184,386,534,0,0,1,0,0,0,0,0,0,0,0,1,0,0,0,1,0,0,0,0
185,1936,2013,0,0,1,0,0,0,0,0,0,0,0,0,0,0,0,0,0,0,0,0
186,1590,1644,0,0,1,0,0,0,0,0,0,0,0,1,0,0,0,1,0,0,0,0
187,-1750,-850,0,0,1,0,0,0,0,0,0,0,0,0,0,0,0,1,0,0,0,0
189,-1200,-515,0,0,0,0,0,0,0,0,0,1,0,0,0,0,0,0,0,0,0,0
190,1948,2015,0,0,0,0,0,0,0,1,0,0,0,1,0,0,0,0,0,0,0,0
191,1699,1799,0,0,0,0,0,0,0,1,0,0,0,0,0,0,0,0,0,0,0,0
192,1835,1854,0,0,0,0,0,1,0,0,0,0,0,0,0,0,0,0,0,0,0,0
193,2000,2013,0,0,0,0,0,1,0,0,0,0,0,0,0,0,0,0,0,0,0,0
195,500,1100,0,0,0,0,0,0,0,1,0,0,0,0,0,0,0,0,0,0,0,0
196,45,60,0,0,0,1,0,0,0,0,0,0,0,0,1,0,0,0,0,0,0,0
197,1604,1958,0,0,1,0,0,0,0,0,0,0,0,1,0,0,0,0,0,0,0,0
198,-600,-300,0,0,0,1,0,0,0,0,0,0,0,0,0,0,0,0,0,0,0,0
199,100,400,0,0,0,1,0,0,0,0,0,0,0,0,0,0,0,0,0,0,0,0
200,1650,1850,0,0,0,0,0,0,0,1,0,0,0,1,0,0,0,0,0,0,0,0
201,-500,500,0,0,0,1,0,0,0,0,0,0,0,0,0,0,0,0,0,0,0,0
202,-1046,-771,0,0,1,0,0,0,0,0,0,0,0,0,0,0,0,1,0,0,0,0
203,-790,-223,0,0,1,0,0,0,0,0,0,0,0,0,0,0,0,1,0,0,0,0
204,-206,220,0,0,1,0,0,0,0,0,0,0,0,0,0,0,0,1,0,0,0,0
207,600,1000,0,1,0,0,0,0,0,0,0,0,0,0,0,0,0,1,0,0,0,0
209,-2000,-30,1,0,0,0,0,0,0,0,0,0,0,0,0,0,0,0,0,0,0,0
210,50,150,0,0,0,1,0,0,0,0,0,0,0,0,0,0,0,0,0,0,0,0
211,-1350,-1320,1,0,0,0,0,0,0,0,0,0,0,0,0,0,0,0,0,0,0,0
212,-481,-206,0,0,1,0,0,0,0,0,0,0,0,0,0,0,0,1,0,0,0,0
216,-3200,-612,0,0,0,0,0,0,0,0,0,1,0,0,0,0,0,0,0,0,0,0
217,-202,-44,0,0,0,1,0,0,0,0,0,0,0,0,0,0,0,0,0,0,0,0
222,600,900,0,0,0,0,1,0,0,0,0,0,0,0,0,0,0,0,0,0,0,0
224,600,1100,0,0,0,1,0,0,0,0,0,0,0,0,0,0,0,0,0,0,0,0
227,1980,2000,0,0,0,0,0,0,0,1,0,0,0,0,0,0,0,0,0,1,0,0
228,1600,1900,0,0,1,0,0,0,0,0,0,0,0,0,0,0,0,0,0,0,0,0
230,-3300,-539,0,0,0,0,0,0,0,0,0,1,0,0,0,0,0,0,0,0,0,0
231,-600,-202,0,0,0,1,0,0,0,0,0,0,0,0,0,0,0,0,0,0,0,0
232,-5050,-3050,1,0,0,0,0,0,0,0,0,0,0,0,0,0,0,0,0,0,0,0
233,-3750,-1600,1,0,0,0,0,0,0,0,0,0,1,0,0,0,0,0,0,0,0,0
234,-3050,750,1,0,0,0,0,0,0,0,0,0,1,0,0,0,0,0,0,0,0,0
236,-1050,750,1,0,0,0,0,0,0,0,0,0,1,0,0,0,0,0,0,0,0,0
237,-2950,-50,1,0,0,0,0,0,0,0,0,0,1,0,0,0,0,0,0,0,0,0
238,-400,1450,1,0,0,0,0,0,0,0,0,0,1,0,0,0,0,0,0,0,0,0
239,-2050,-1050,1,0,0,0,0,0,0,0,0,0,1,0,0,0,0,0,0,0,0,0
240,775,960,0,0,1,0,0,0,0,0,0,0,0,0,0,0,0,1,0,0,0,0
244,1600,1700,0,0,1,0,0,0,0,0,0,0,0,0,0,0,0,0,0,0,0,0
245,-450,-221,0,0,1,0,0,0,0,0,0,0,0,0,0,0,0,1,0,0,0,0
246,-6050,-1050,1,0,0,0,0,0,0,0,0,0,1,0,0,0,0,0,0,0,0,0
247,-4050,-1050,1,0,0,0,0,0,0,0,0,0,1,0,0,0,0,0,0,0,0,0
249,1990,2013,0,1,0,0,0,0,0,0,0,0,0,0,0,0,0,0,0,0,0,0
250,960,1279,0,0,1,0,0,0,0,0,0,0,0,1,0,0,0,0,0,0,0,0
252,-8050,-50,1,0,0,0,0,0,0,0,0,0,1,0,0,0,0,0,0,0,0,0
255,-200,500,0,0,1,0,0,0,0,0,0,0,0,0,0,0,0,1,0,0,0,0
256,-10,-1,0,0,0,1,0,0,0,0,0,0,0,0,0,0,0,0,0,0,0,0
257,250,850,0,0,0,0,1,0,0,0,0,0,0,0,0,0,0,0,0,0,0,0
263,2000,2015,0,0,0,1,0,0,0,0,0,0,0,0,0,0,0,0,0,0,0,0
284,-3500,2015,0,0,0,0,0,1,0,0,0,0,0,0,0,0,0,0,0,0,0,0
287,100,400,0,0,0,1,0,0,0,0,0,0,0,0,0,0,0,0,0,0,0,0
294,200,600,0,0,1,0,0,0,0,0,0,0,0,0,0,0,0,1,0,0,0,0
299,-1250,-1046,0,0,1,0,0,0,0,0,0,0,0,0,0,0,0,1,0,0,0,0
300,-1200,-515,0,0,0,0,0,0,0,0,0,1,0,0,0,0,0,0,0,0,0,0
308,-900,-501,0,0,0,0,0,0,0,0,0,1,0,0,0,0,0,0,0,0,0,0
310,1325,1519,0,0,0,0,1,0,0,0,0,0,0,0,0,0,1,0,0,0,0,0
325,-193,-168,0,0,1,0,0,0,0,0,0,0,0,0,0,0,0,1,0,0,0,0
337,1300,1550,0,0,0,0,0,0,1,0,0,0,0,0,0,0,0,0,1,0,0,0
338,1800,1950,0,0,0,0,1,0,0,0,0,0,0,0,0,0,1,0,0,0,0,0
341,45,60,0,0,0,1,0,0,0,0,0,0,0,0,1,0,0,0,0,0,0,0
342,50,150,0,0,0,1,0,0,0,0,0,0,0,0,1,0,0,0,0,0,0,0
348,-1600,-1365,0,0,1,0,0,0,0,0,0,0,0,0,0,0,0,1,0,0,0,0
354,-330,-125,0,0,0,0,0,0,0,0,0,1,0,0,0,0,0,0,0,0,0,0
355,50,60,0,0,0,1,0,0,0,0,0,0,0,0,1,0,0,0,0,0,0,0
358,1500,1699,0,0,0,0,0,0,0,1,0,0,0,0,0,0,0,0,0,1,0,0
361,-500,-300,0,0,0,1,0,0,0,0,0,0,0,0,0,0,0,0,0,0,0,0
364,1860,2010,0,0,0,0,0,0,0,1,0,0,0,1,0,0,0,0,0,1,0,0
374,800,1600,0,0,0,0,0,0,0,1,0,0,0,0,0,0,0,0,0,1,0,0
378,1880,1951,0,0,0,0,0,0,0,1,0,0,0,0,0,0,0,0,0,0,0,0
381,1469,1606,0,0,0,0,0,0,0,1,0,0,0,0,0,0,0,0,0,1,0,0
383,1200,1700,0,0,0,0,0,0,0,1,0,0,0,0,0,0,0,0,0,1,0,0
386,1877,1877,0,0,0,0,0,0,1,0,0,0,0,0,0,0,0,0,0,0,0,0
387,1889,2016,0,0,0,0,0,0,0,1,0,0,0,0,0,1,0,0,0,1,0,0
389,1840,1970,0,0,0,0,0,0,0,0,1,0,0,0,0,0,0,0,0,0,0,0
390,1610,2016,0,0,0,0,0,0,0,1,0,0,0,0,0,0,0,0,0,1,0,0
392,1606,1708,0,0,0,0,0,0,0,1,0,0,0,0,0,0,0,0,0,1,0,0
395,1966,2016,1,0,0,0,0,0,0,0,0,0,0,0,0,0,0,0,0,1,0,0
400,1980,2015,0,0,0,0,0,0,0,0,1,0,0,0,1,0,0,0,0,0,0,0
406,142,2014,0,0,1,0,0,0,0,0,0,0,0,0,0,0,0,1,0,0,0,0
415,1970,2015,0,0,0,0,0,0,0,1,0,0,0,0,0,0,0,0,0,1,0,0
416,1800,1918,0,0,0,1,0,0,0,0,0,0,0,0,1,0,0,0,0,0,0,0
418,1900,1950,0,0,0,1,0,0,0,0,0,0,0,0,0,0,0,0,0,0,0,0
419,1970,2016,0,0,0,0,0,0,0,1,0,0,0,0,0,0,0,0,0,1,0,0
420,1800,2017,1,0,0,0,0,0,0,0,0,0,0,0,0,0,0,0,0,1,0,0
422,-1500,396,0,0,0,1,0,0,0,0,0,0,0,0,0,0,0,0,0,0,0,0
423,-500,500,0,0,0,1,0,0,0,0,0,0,0,0,0,0,0,0,0,0,0,0
424,-550,-330,0,0,0,0,0,0,0,0,0,1,0,0,0,0,0,0,0,0,0,0
430,1865,1933,0,0,0,0,0,0,1,0,0,0,0,0,0,0,0,0,1,0,0,0
432,1871,1914,0,0,0,0,0,0,1,0,0,0,0,0,0,0,0,0,1,0,0,0
435,1206,1368,0,0,0,0,0,0,0,0,0,1,0,0,0,0,0,1,0,0,0,0
436,500,2002,0,0,0,0,0,0,1,0,0,0,0,0,0,0,0,0,1,0,0,0
437,1500,1770,0,0,0,0,0,0,1,0,0,0,0,0,0,0,0,0,1,0,0,0
438,1850,1998,0,0,0,0,0,0,1,0,0,0,0,0,0,0,0,0,1,0,0,0
439,800,1500,0,0,0,0,0,0,0,1,0,0,0,0,0,0,0,0,0,1,0,0
440,900,1200,0,0,0,0,0,0,0,1,0,0,0,0,0,0,0,0,0,1,0,0
441,1690,2017,0,0,0,0,0,0,0,1,0,0,0,1,0,0,0,0,0,1,0,0
442,311,427,1,0,0,0,0,0,0,0,0,0,0,0,1,0,0,0,0,0,0,0
443,1634,2017,0,1,0,0,0,0,0,0,0,0,0,1,0,0,0,0,0,0,0,0
444,1920,2017,0,0,0,0,0,1,0,0,0,0,0,0,1,0,0,0,0,0,0,0
446,1500,1750,0,0,0,0,0,0,1,0,0,0,0,0,0,0,0,0,1,0,0,0
447,1820,1940,0,0,0,0,0,0,1,0,0,0,0,0,0,0,0,0,1,0,0,0
448,1718,1990,0,0,0,0,0,0,1,0,0,0,0,0,0,0,0,0,1,0,0,0
450,1580,2006,0,0,0,0,0,0,1,0,0,0,0,0,0,0,0,0,1,0,0,0
451,1430,1987,0,0,0,0,0,0,1,0,0,0,0,0,0,0,0,0,1,0,0,0
453,1985,2017,0,0,1,0,0,0,0,0,0,0,0,1,0,0,0,0,0,0,0,0
455,1292,1558,0,0,0,0,0,0,0,0,1,0,0,1,0,0,0,0,0,0,0,0
456,-165,75,0,0,0,0,0,0,0,0,0,1,0,0,0,0,0,0,0,0,0,0
457,2013,2017,1,0,0,0,0,0,0,0,0,0,1,0,1,0,0,0,0,0,0,0
458,1869,2017,0,0,0,0,0,1,0,0,0,0,0,0,1,0,0,0,0,0,0,0
459,-1100,2017,0,0,0,0,0,1,0,0,0,0,0,0,0,0,0,0,0,0,0,0
460,1956,2000,0,0,0,0,0,0,1,0,0,0,0,0,0,0,0,0,1,0,0,0
461,1597,1998,0,0,0,0,0,0,1,0,0,0,0,0,0,0,0,0,1,0,0,0
462,1550,1989,0,0,0,0,0,0,1,0,0,0,0,0,0,0,0,0,1,0,0,0
463,1770,1980,0,0,0,0,0,0,1,0,0,0,0,0,0,0,0,0,1,0,0,0
464,1762,1989,0,0,0,0,0,0,1,0,0,0,0,0,0,0,0,0,1,0,0,0
465,2014,2016,0,0,0,0,0,0,0,1,0,0,0,0,0,0,0,0,0,1,0,0
468,1870,2017,1,0,0,0,0,0,0,0,0,0,1,0,1,0,0,0,0,0,0,0
469,1916,2017,0,0,1,0,0,0,0,0,0,0,0,0,0,0,0,0,0,0,0,0
470,-800,-500,0,0,0,1,0,0,0,0,0,0,0,0,0,0,0,0,0,0,0,0
471,2015,2016,0,0,0,1,0,0,0,0,0,0,0,0,1,0,0,0,0,0,0,0
472,1110,2017,0,0,0,0,0,0,0,1,0,0,0,1,0,0,0,0,0,0,0,0
476,1000,2015,0,0,0,0,0,0,0,0,1,0,0,0,0,1,0,0,0,0,0,0
477,1833,1845,0,0,0,1,0,0,0,0,0,0,0,0,1,0,0,0,0,0,0,0
478,-450,1,0,0,0,0,0,0,0,1,0,0,0,1,0,0,0,0,0,0,0,0
479,-2900,-2300,0,0,0,0,0,0,0,0,0,1,0,0,0,0,0,0,0,0,0,0
481,1780,2000,0,0,0,0,1,0,0,0,0,0,0,0,0,0,1,0,0,0,0,0
482,1700,2000,0,0,0,0,1,0,0,0,0,0,0,0,0,0,0,0,0,0,0,0
483,2015,2016,0,0,0,1,0,0,0,0,0,0,0,0,1,0,0,0,0,0,0,0
484,2015,2016,0,0,0,1,0,0,0,0,0,0,0,0,1,0,0,0,0,0,0,0
485,500,1500,0,0,0,1,0,0,0,0,0,0,0,0,0,0,0,0,0,0,0,0
486,1830,1951,0,0,0,0,1,0,0,0,0,0,0,0,1,0,0,0,0,0,0,0
487,1502,2010,0,0,0,0,1,0,0,0,0,0,0,0,0,0,0,0,0,0,0,0
488,1750,2010,0,0,0,0,0,0,1,0,0,0,0,0,0,0,0,0,1,0,0,0
489,1750,2010,0,0,0,0,1,0,0,0,0,0,0,0,0,0,0,0,0,0,0,0
490,1260,1302,0,0,0,1,0,0,0,0,0,0,0,0,1,0,0,0,0,0,0,0
491,1530,2017,1,0,0,0,0,0,0,0,0,0,0,0,1,0,0,0,0,0,0,0
492,-800,380,0,0,0,1,0,0,0,0,0,0,0,0,0,0,0,0,0,0,0,0
493,1858,2017,0,0,0,0,0,0,0,1,0,0,0,0,0,0,0,0,0,1,0,0
494,1800,1995,0,0,0,0,1,0,0,0,0,0,0,0,0,0,1,0,0,0,0,0
495,1499,2012,0,0,0,0,0,0,1,0,0,0,0,0,0,0,0,0,1,0,0,0
496,1791,2006,0,0,0,0,1,0,0,0,0,0,0,0,0,0,0,0,0,0,0,0
497,1890,1970,0,0,0,0,0,0,1,0,0,0,0,0,0,0,0,0,1,0,0,0
498,1700,2000,0,0,0,0,1,0,0,0,0,0,0,0,0,0,1,0,0,0,0,0
499,1700,2005,0,0,0,0,1,0,0,0,0,0,0,0,0,0,1,0,0,0,0,0
500,700,2000,0,0,0,0,1,0,0,0,0,0,0,0,0,0,1,0,0,0,0,0
501,1800,2010,0,0,0,0,1,0,0,0,0,0,0,0,0,0,1,0,0,0,0,0
502,1700,2000,0,0,0,0,1,0,0,0,0,0,0,0,0,0,1,0,0,0,0,0
503,1700,2001,0,0,0,0,1,0,0,0,0,0,0,0,0,0,1,0,0,0,0,0
509,1700,1994,0,0,0,0,1,0,0,0,0,0,0,0,0,0,1,0,0,0,0,0
510,1830,2010,0,0,0,0,1,0,0,0,0,0,0,0,0,0,1,0,0,0,0,0
511,1700,2000,0,0,0,0,1,0,0,0,0,0,0,0,0,0,1,0,0,0,0,0
512,1700,1990,0,0,0,0,1,0,0,0,0,0,0,0,0,0,1,0,0,0,0,0
513,1750,1990,0,0,0,0,1,0,0,0,0,0,0,0,0,0,1,0,0,0,0,0
514,1800,2000,0,0,0,0,1,0,0,0,0,0,0,0,0,0,1,0,0,0,0,0
515,1775,2000,0,0,0,0,1,0,0,0,0,0,0,0,0,0,1,0,0,0,0,0
516,1750,2010,0,0,0,0,1,0,0,0,0,0,0,0,0,0,1,0,0,0,0,0
517,1750,2010,0,0,0,0,1,0,0,0,0,0,0,0,0,0,1,0,0,0,0,0
518,1800,2000,0,0,0,0,1,0,0,0,0,0,0,0,0,0,1,0,0,0,0,0
519,1600,2000,0,0,0,0,1,0,0,0,0,0,0,0,0,0,1,0,0,0,0,0
520,1600,2015,0,0,0,0,0,0,0,0,1,0,0,0,0,0,0,0,0,1,0,0
522,1500,2011,0,0,0,0,1,0,0,0,0,0,0,0,0,0,1,0,0,0,0,0
524,1600,1990,0,0,0,0,1,0,0,0,0,0,0,0,0,0,1,0,0,0,0,0
525,1951,2018,1,0,0,0,0,0,0,0,0,0,0,0,1,0,0,0,0,0,0,0
526,1900,2018,0,0,0,0,0,0,0,0,1,0,0,0,1,0,0,0,0,0,0,0
528,1771,1980,0,0,0,0,1,0,0,0,0,0,0,0,0,0,1,0,0,0,0,0
529,1741,1995,0,0,0,1,0,0,0,0,0,0,0,0,0,0,1,0,0,0,0,0
530,1830,2010,0,0,0,0,1,0,0,0,0,0,0,0,0,0,1,0,0,0,0,0
531,1641,1989,0,0,0,1,0,0,0,0,0,0,0,0,0,0,0,0,0,0,0,0
532,1650,1989,0,1,0,0,0,0,0,0,0,0,0,0,0,0,0,0,0,0,0,0
533,1263,2007,0,1,0,0,0,0,0,0,0,0,0,0,0,0,0,0,0,0,0,0
534,-42,518,0,0,0,1,0,0,0,0,0,0,0,0,0,0,0,0,0,0,0,0
535,200,1200,0,0,0,0,0,0,0,1,0,0,0,0,0,0,0,0,0,1,0,0
536,947,2000,0,0,1,0,0,0,0,0,0,0,0,0,0,0,0,1,0,0,0,0
537,1550,1970,0,0,0,0,0,0,0,0,1,0,0,0,0,0,0,0,0,0,0,0
538,1526,2003,0,0,0,0,0,1,0,0,0,0,0,0,0,0,0,0,0,0,0,0
539,1880,1988,0,0,0,0,0,1,0,0,0,0,0,0,0,0,0,0,0,0,0,0
540,1606,1980,0,0,0,1,0,0,0,0,0,0,0,0,0,0,0,0,0,0,0,0
541,1900,2000,0,0,0,0,0,1,0,0,0,0,0,0,0,0,0,0,0,0,0,0
542,1884,1975,0,0,0,0,0,1,0,0,0,0,0,0,0,0,0,0,0,0,0,0
543,1884,2000,0,0,0,0,0,1,0,0,0,0,0,0,0,0,0,0,0,0,0,0
544,1900,2003,0,0,0,0,0,1,0,0,0,0,0,0,0,0,0,0,0,0,0,0
545,1938,1990,0,0,0,0,0,0,0,0,1,0,0,0,0,0,0,0,0,0,0,0
546,1988,1989,0,0,0,0,0,1,0,0,0,0,0,0,0,0,0,0,0,0,0,0
547,1860,2000,0,0,0,0,0,1,0,0,0,0,0,0,0,0,0,0,0,0,0,0
548,1750,1986,0,0,0,0,0,1,0,0,0,0,0,0,0,0,0,0,0,0,0,0
549,1854,1980,0,0,0,0,0,0,0,0,1,0,0,0,0,0,0,0,0,0,0,0
550,1841,1989,0,0,0,0,0,0,0,0,1,0,0,0,0,0,0,0,0,0,0,0
551,1810,1998,1,0,0,0,0,0,0,0,0,0,1,0,0,0,0,0,0,0,0,0
552,1000,1970,0,0,0,0,0,0,0,1,0,0,0,0,0,0,0,0,0,0,0,0
553,1788,1983,0,0,0,0,0,0,0,1,0,0,0,0,0,0,0,0,0,0,0,0
554,1750,2011,0,0,0,0,0,0,0,1,0,0,0,0,0,0,0,0,0,0,0,0
555,1900,1986,0,0,0,0,0,0,0,0,1,0,0,0,0,0,0,0,0,0,0,0
556,1000,2000,1,0,0,0,0,0,0,0,0,0,1,0,0,0,0,0,0,0,0,0
557,1878,2000,0,0,0,0,0,0,0,1,0,0,0,0,0,1,0,0,0,0,0,0
558,1500,2010,0,0,0,0,0,0,0,1,0,0,0,0,0,0,0,0,0,1,0,0
559,1854,1991,0,0,0,0,0,0,0,1,0,0,0,0,0,0,0,0,0,1,0,0
562,1017,1445,0,0,0,0,0,0,0,1,0,0,0,0,0,0,0,0,0,1,0,0
563,1845,2018,0,0,0,0,0,0,0,1,0,0,0,0,0,0,0,0,0,1,0,0
564,1950,2018,0,0,0,0,0,0,0,1,0,0,0,0,1,0,0,0,0,0,0,0
565,1925,1960,1,0,0,0,0,0,0,0,0,0,1,0,0,0,0,0,0,0,0,0
567,2001,2024,0,0,0,1,0,0,0,0,0,0,0,0,0,0,0,0,0,0,0,0
569,1895,1930,0,1,0,0,0,0,0,0,0,0,0,1,0,0,0,0,0,0,0,0
570,1986,2018,0,0,0,0,0,0,0,0,1,0,0,1,1,0,0,0,0,1,0,0
571,1855,1890,0,1,0,0,0,0,0,0,0,0,0,0,1,1,0,0,0,0,0,0
572,1890,1930,0,0,0,0,0,1,0,0,0,0,0,0,0,0,0,0,0,0,0,0
574,1920,1967,1,0,0,0,0,0,0,0,0,0,1,0,0,0,0,0,0,0,0,0
576,1000,2018,0,0,0,0,0,0,0,0,1,0,0,1,0,0,0,0,0,0,0,0
577,1860,1900,1,0,0,0,0,0,0,0,0,0,1,0,0,0,0,0,0,0,0,0
578,1875,1910,0,0,0,0,0,0,0,1,0,0,0,0,0,0,0,0,0,1,0,0
580,1700,2018,0,0,0,0,0,0,0,1,0,0,0,0,0,0,0,0,0,1,0,0
581,1970,2018,0,0,0,0,0,0,0,0,1,0,0,0,0,0,0,0,0,0,0,0
582,1930,1960,0,0,0,0,0,0,0,0,1,0,0,1,0,0,0,0,0,1,0,0
586,1900,2017,0,0,0,0,0,0,0,0,1,0,0,1,0,0,0,0,0,0,0,0
588,1905,1940,1,0,0,0,0,0,0,0,0,0,1,0,0,0,0,0,0,0,0,0
589,1915,1945,0,0,0,0,0,0,1,0,0,0,0,0,0,0,0,0,1,0,0,0
590,670,712,0,0,1,0,0,0,0,0,0,0,0,0,0,0,0,1,0,0,0,0
591,1925,1950,0,0,1,0,0,0,0,0,0,0,0,0,0,0,0,0,0,0,0,0
592,1200,2018,0,0,0,0,0,0,0,1,0,0,0,0,0,0,0,0,0,1,0,0
594,1925,1955,1,0,0,0,0,0,0,0,0,0,0,0,0,1,0,0,0,0,0,0
595,1804,1840,0,0,0,0,0,1,0,0,0,0,0,0,0,0,0,0,0,0,0,0
597,-600,-200,0,0,1,0,0,0,0,0,0,0,0,0,0,0,0,1,0,0,0,0
598,1875,1915,1,0,0,0,0,0,0,0,0,0,1,0,0,0,0,0,0,0,0,0
599,1920,1938,0,0,0,0,0,0,0,1,0,0,0,1,0,0,0,0,0,1,0,0
600,1900,1930,1,0,0,0,0,0,0,0,0,0,0,0,0,1,0,0,0,0,0,0
602,1930,1960,1,0,0,0,0,0,0,0,0,0,0,0,1,0,0,0,0,0,0,0
604,1890,1923,1,0,0,0,0,0,0,0,0,0,1,0,0,1,0,0,0,0,0,0
605,1940,1965,0,0,0,0,0,0,0,0,1,0,0,1,0,0,0,0,0,0,0,0
607,-400,-200,0,0,1,0,0,0,0,0,0,0,0,0,0,0,0,1,0,0,0,0
608,1926,1955,0,0,0,0,0,0,0,0,0,1,0,0,0,1,0,0,0,0,0,0
609,1915,1940,1,0,0,0,0,0,0,0,0,0,1,0,0,0,0,0,0,0,0,0
610,1900,1960,1,0,0,0,0,0,0,0,0,0,0,0,0,1,0,0,0,0,0,0
611,1930,1960,0,0,0,0,0,0,0,0,1,0,0,0,0,0,0,0,0,0,0,0
612,1880,1915,0,0,0,0,0,1,0,0,0,0,0,0,0,0,0,0,0,0,0,0
613,1800,1830,0,0,0,0,0,1,0,0,0,0,0,0,0,0,0,0,0,0,0,0
614,1925,1960,1,0,0,0,0,0,0,0,0,0,1,0,0,0,0,0,0,0,0,0
616,1933,1960,0,0,0,0,0,0,0,0,1,0,0,0,0,0,0,0,0,1,0,0
618,1860,1890,0,0,0,0,1,0,0,0,0,0,0,0,0,0,1,0,0,0,0,0
619,1865,1900,0,1,0,0,0,0,0,0,0,0,0,0,0,0,0,0,0,0,0,0
620,1900,1935,0,0,0,0,1,0,0,0,0,0,0,0,0,0,1,0,0,0,0,0
621,1910,1935,0,0,0,0,1,0,0,0,0,0,0,0,1,0,0,0,0,0,0,0
622,1896,1921,0,0,0,0,1,0,0,0,0,0,0,0,1,0,0,0,0,0,0,0
623,1893,2020,0,0,0,0,1,0,0,0,0,0,0,0,0,0,0,0,0,1,0,0
624,1550,1640,0,0,0,0,0,0,0,1,0,0,0,0,0,1,0,0,0,1,0,0
625,1890,1915,0,0,0,0,1,0,0,0,0,0,0,0,0,0,1,0,0,0,0,0
626,1907,1935,0,0,0,0,0,0,1,0,0,0,0,0,0,0,0,0,1,0,0,0
627,1905,1935,0,0,0,1,0,0,0,0,0,0,0,0,0,0,0,0,0,0,0,0
629,1200,2018,0,0,0,0,0,0,0,1,0,0,0,1,0,0,0,0,0,1,0,0
630,1886,1913,0,0,0,0,0,1,0,0,0,0,0,0,0,0,0,0,0,0,0,0
631,1879,1909,0,0,0,0,0,0,1,0,0,0,0,0,0,0,0,0,0,0,0,0
632,-650,-409,0,0,0,1,0,0,0,0,0,0,0,0,0,0,0,0,0,0,0,0
633,1238,2018,0,0,0,0,0,0,0,1,0,0,0,0,0,0,0,0,0,1,0,0
634,-350,-100,0,0,1,0,0,0,0,0,0,0,0,0,0,0,0,1,0,0,0,0
635,1890,1920,0,0,0,0,0,0,0,0,1,0,0,0,0,0,0,0,0,0,0,0
636,1500,2018,0,0,0,0,0,0,0,0,1,0,0,0,0,0,0,0,0,1,0,0
637,1900,1924,0,0,0,0,0,0,1,0,0,0,0,0,0,0,0,0,1,0,0,0
638,1855,1900,0,0,0,0,1,0,0,0,0,0,0,0,0,0,1,0,0,0,0,0
639,716,900,0,0,1,0,0,0,0,0,0,0,0,1,0,0,0,0,0,0,0,0
645,1100,2020,0,0,0,0,0,0,0,1,0,0,0,0,0,1,0,0,0,1,0,0
646,1889,2018,0,0,0,0,1,0,0,0,0,0,0,0,0,0,1,0,0,0,0,0
647,1893,1921,0,0,0,0,1,0,0,0,0,0,0,0,0,0,1,0,0,0,0,0
648,1870,1901,0,0,0,0,1,0,0,0,0,0,0,0,0,0,1,0,0,0,0,0
649,700,2019,0,0,0,0,0,0,0,1,0,0,0,0,0,0,0,0,0,1,0,0
650,1918,1945,0,0,0,0,0,1,0,0,0,0,0,0,0,0,0,0,0,0,0,0
651,1930,1955,0,0,0,0,0,0,0,0,1,0,0,0,0,0,0,0,0,0,0,0
652,1904,1930,0,0,0,0,0,1,0,0,0,0,0,0,0,0,0,0,0,0,0,0
654,1198,1250,0,0,0,1,0,0,0,0,0,0,0,0,1,0,0,0,0,0,0,0
655,1917,1943,0,0,0,0,0,0,1,0,0,0,0,0,0,0,0,0,1,0,0,0
657,1912,1949,0,0,0,0,0,0,1,0,0,0,0,0,0,0,0,0,0,0,0,0
658,1925,1951,0,0,0,0,0,0,1,0,0,0,0,0,0,0,0,0,1,0,0,0
660,1941,1966,0,0,0,0,0,0,0,0,1,0,0,0,0,0,0,0,0,0,0,0
661,1113,1147,0,0,0,1,0,0,0,0,0,0,0,0,1,0,0,0,0,0,0,0
662,1922,1947,0,0,0,0,0,0,1,0,0,0,0,0,0,0,0,0,1,0,0,0
666,1914,1939,0,0,0,0,0,1,0,0,0,0,0,0,0,0,0,0,0,0,0,0
667,1855,1880,0,0,1,0,0,0,0,0,0,0,0,0,0,0,0,0,0,0,0,0
669,1900,1925,0,0,0,0,0,1,0,0,0,0,0,0,0,0,0,0,0,0,0,0
671,1820,1840,0,0,0,0,0,1,0,0,0,0,0,0,0,0,0,0,0,0,0,0
673,1842,1870,0,0,0,0,1,0,0,0,0,0,0,0,0,0,1,0,0,0,0,0
674,1915,1940,0,0,0,0,0,0,1,0,0,0,0,0,0,0,0,0,1,0,0,0
675,1885,1910,0,0,0,1,0,0,0,0,0,0,0,0,0,0,0,0,0,0,0,0
676,1198,1500,0,0,0,1,0,0,0,0,0,0,0,0,1,0,0,0,0,0,0,0
677,1885,1910,0,0,0,0,0,1,0,0,0,0,0,0,0,0,0,0,0,0,0,0
679,1915,1940,0,0,0,0,0,0,0,1,0,0,0,0,0,0,0,0,0,1,0,0
680,1850,2019,0,0,0,0,0,0,0,1,0,0,0,0,0,0,0,0,0,1,0,0
681,-2350,-2150,0,0,0,0,0,0,0,0,0,1,0,0,0,0,0,0,0,0,0,0
682,1905,1935,0,0,0,0,0,0,0,1,0,0,0,0,0,0,0,0,0,1,0,0
684,1615,1640,0,0,0,0,1,0,0,0,0,0,0,0,0,0,1,0,0,0,0,0
685,1940,1966,0,0,0,0,0,0,0,0,1,0,0,0,0,0,0,0,0,0,0,0
686,1915,1945,0,0,0,0,1,0,0,0,0,0,0,0,1,0,0,0,0,0,0,0
688,1866,2019,0,0,0,0,0,0,0,1,0,0,0,0,0,1,0,0,0,1,0,0
689,1869,1895,0,0,0,0,0,0,1,0,0,0,0,0,0,0,0,0,1,0,0,0
690,1880,2019,0,0,0,0,0,0,0,1,0,0,0,0,0,1,0,0,0,1,0,0
691,1870,1895,1,0,0,0,0,0,0,0,0,0,1,0,0,1,0,0,0,0,0,0
694,1880,1910,0,0,0,0,1,0,0,0,0,0,0,0,0,0,1,0,0,0,0,0
710,1816,1840,0,0,0,0,1,0,0,0,0,0,0,0,0,0,1,0,0,0,0,0
711,1912,1937,0,0,0,0,0,1,0,0,0,0,0,0,0,0,0,0,0,0,0,0
712,1880,1934,0,0,0,0,1,0,0,0,0,0,0,0,0,0,0,0,0,0,0,0
713,1910,1940,0,0,0,0,1,0,0,0,0,0,0,0,0,0,1,0,0,0,0,0
714,550,850,0,0,0,0,0,0,0,1,0,0,0,0,0,0,0,0,0,1,0,0
717,1910,1940,1,0,0,0,0,0,0,0,0,0,1,0,0,0,0,0,0,0,0,0
719,1845,2018,0,0,0,0,1,0,0,0,0,0,0,0,0,0,0,0,0,1,0,0
721,1910,1940,0,0,0,0,0,0,0,0,1,0,0,0,0,0,0,0,0,0,0,0
722,1835,1885,0,0,0,0,1,0,0,0,0,0,0,0,0,0,1,0,0,0,0,0
723,1910,1940,0,0,0,0,0,0,1,0,0,0,0,0,0,0,0,0,1,0,0,0
724,1909,1934,0,0,0,0,0,0,1,0,0,0,0,0,0,0,0,0,1,0,0,0
726,-700,500,0,0,0,0,0,0,0,1,0,0,0,1,0,0,0,0,0,1,0,0
727,1160,2017,0,0,0,0,0,0,0,0,1,0,0,0,0,0,0,0,0,0,0,0
728,1928,1959,0,0,0,0,0,1,0,0,0,0,0,0,0,0,0,0,0,0,0,0
729,1895,1930,1,0,0,0,0,0,0,0,0,0,1,0,0,0,0,0,0,0,0,0
732,1800,1875,0,0,0,0,0,1,0,0,0,0,0,0,0,0,0,0,0,0,0,0
733,1870,1915,0,0,0,0,1,0,0,0,0,0,0,0,0,0,1,0,0,0,0,0
736,1895,1929,0,0,0,0,0,0,1,0,0,0,0,0,0,0,0,0,1,0,0,0
737,1855,1900,1,0,0,0,0,0,0,0,0,0,1,0,0,0,0,0,0,0,0,0
738,-3000,300,1,0,0,0,0,0,0,0,0,0,1,0,0,0,0,0,0,0,0,0
739,1885,1910,0,0,0,0,0,1,0,0,0,0,0,0,0,0,0,0,0,0,0,0
741,-450,2019,0,0,0,0,0,0,0,1,0,0,0,0,0,0,0,0,0,1,0,0
742,2003,2020,0,0,0,0,0,0,0,0,1,0,0,1,0,0,0,0,0,0,0,0
744,1887,1915,0,0,0,0,0,0,0,0,0,1,0,0,0,1,0,0,0,0,0,0
745,1860,1885,0,0,0,0,0,1,0,0,0,0,0,0,0,0,0,0,0,0,0,0
748,1915,1945,0,0,0,0,0,0,0,0,1,0,0,0,0,0,0,0,0,0,0,0
749,1800,2020,0,0,1,0,0,0,0,0,0,0,0,0,0,0,0,0,0,0,0,0
750,1850,1875,0,0,0,0,0,1,0,0,0,0,0,0,0,0,0,0,0,0,0,0
751,2000,2020,0,0,0,0,0,0,0,0,1,0,0,1,0,0,0,0,0,0,0,0
752,1470,2019,0,0,0,0,0,0,0,0,1,0,0,0,0,0,0,0,0,0,0,0
755,1850,2020,0,1,0,0,0,0,0,0,0,0,0,0,0,1,0,0,0,0,0,0
756,-750,-250,0,0,0,0,0,0,0,1,0,0,0,0,0,0,0,0,0,1,0,0
757,1795,1820,0,0,0,0,0,1,0,0,0,0,0,0,0,0,0,0,0,0,0,0
759,1855,1880,0,0,0,0,1,0,0,0,0,0,0,0,0,0,1,0,0,0,0,0
760,-250,1200,0,0,0,0,0,0,0,1,0,0,0,1,0,0,0,0,0,1,0,0
761,1200,1600,0,0,0,0,0,0,0,1,0,0,0,0,0,1,0,0,0,1,0,0
762,1600,2020,0,0,0,0,0,0,0,1,0,0,0,0,0,1,0,0,0,1,0,0
763,1810,1835,0,0,0,0,0,1,0,0,0,0,0,0,0,0,0,0,0,0,0,0
764,1900,1936,0,0,0,0,0,0,1,0,0,0,0,0,0,0,0,0,1,0,0,0
765,1848,1881,0,0,0,0,1,0,0,0,0,0,0,0,1,0,0,0,0,0,0,0
766,1930,1960,0,0,0,0,0,0,0,1,0,0,0,0,0,0,0,0,0,1,0,0
768,1850,1900,0,0,0,0,0,0,1,0,0,0,0,0,0,0,0,0,1,0,0,0
769,1910,1935,0,0,0,0,0,0,1,0,0,0,0,0,0,0,0,0,0,0,0,0
770,1920,2020,0,0,0,0,0,0,0,0,1,0,0,1,0,0,0,0,0,0,0,0
771,1762,2020,0,0,0,1,0,0,0,0,0,0,0,0,1,0,0,0,0,0,1,0
775,-600,2020,0,0,0,0,0,0,0,1,0,0,0,0,0,0,0,0,0,0,0,0
777,-538,-515,0,0,0,0,0,0,0,0,0,1,0,0,0,0,0,0,0,0,0,0
778,-538,-60,0,0,0,0,0,0,0,0,0,1,0,0,0,0,0,0,0,0,0,0
779,-514,-60,0,0,0,0,0,0,0,0,0,1,0,0,0,0,0,0,0,0,0,0
781,381,500,0,0,0,0,0,0,0,0,0,1,0,0,1,0,0,0,0,0,0,0
782,1206,1368,0,0,0,0,0,0,0,0,0,1,0,0,1,1,0,0,0,0,0,0
783,-3150,-2686,1,0,0,0,0,0,0,0,0,0,0,0,0,0,0,0,0,0,0,0
784,-2686,-2181,1,0,0,0,0,0,0,0,0,0,0,0,0,0,0,0,0,0,0,0
785,-2181,-2055,1,0,0,0,0,0,0,0,0,0,0,0,0,0,0,0,0,0,0,0
786,-2055,-1650,1,0,0,0,0,0,0,0,0,0,0,0,0,0,0,0,0,0,0,0
787,-1650,-1550,1,0,0,0,0,0,0,0,0,0,0,0,0,0,0,0,0,0,0,0
788,-1500,-1200,0,0,0,0,0,0,0,0,0,1,0,0,0,0,0,0,0,0,0,0
790,-1550,-1069,1,0,0,0,0,0,0,0,0,0,0,0,0,0,0,0,0,0,0,0
791,-1069,-664,1,0,0,0,0,0,0,0,0,0,0,0,0,0,0,0,0,0,0,0
792,-664,-332,1,0,0,0,0,0,0,0,0,0,0,0,0,0,0,0,0,0,0,0
793,-332,-30,1,0,0,0,0,0,0,0,0,0,0,0,0,0,0,0,0,0,0,0
794,1840,1880,0,0,0,0,1,0,0,0,0,0,0,0,0,0,1,0,0,0,0,0
799,-30,390,1,0,0,0,0,0,0,0,0,0,0,0,1,0,0,0,0,0,0,0
802,1945,2020,0,0,0,0,0,0,0,0,1,0,0,1,0,0,0,0,0,0,0,0
803,1530,1760,0,0,0,1,0,0,0,0,0,0,0,0,1,0,0,0,0,0,0,0
804,1760,1870,0,0,0,1,0,0,0,0,0,0,0,0,1,0,0,0,0,0,0,0
805,1870,1920,0,0,0,1,0,0,0,0,0,0,0,0,1,0,0,0,0,0,0,0
806,1929,2017,0,0,0,1,0,0,0,0,0,0,0,0,1,0,0,0,0,0,0,0
807,-500,-43,0,0,0,1,0,0,0,0,0,0,0,0,0,0,0,0,0,0,0,0
808,-43,380,0,0,0,1,0,0,0,0,0,0,0,0,0,0,0,0,0,0,0,0
809,-43,380,0,0,0,1,0,0,0,0,0,0,0,0,0,0,0,0,0,0,0,0
810,-43,380,0,0,0,1,0,0,0,0,0,0,0,0,0,0,0,0,0,0,0,0
811,380,500,0,0,0,1,0,0,0,0,0,0,0,0,0,0,0,0,0,0,0,0
812,2007,2020,1,0,0,0,0,0,0,0,0,0,0,0,0,0,0,0,0,0,0,0
814,380,500,0,0,0,1,0,0,0,0,0,0,0,0,1,0,0,0,0,0,0,0
815,380,500,0,0,0,1,0,0,0,0,0,0,0,0,1,0,0,0,0,0,0,0
816,-500,350,0,0,0,1,0,0,0,0,0,0,0,0,0,0,0,0,0,0,0,0
817,350,650,0,0,0,1,0,0,0,0,0,0,0,0,0,0,0,0,0,0,0,0
818,-300,600,0,0,0,0,0,0,0,1,0,0,0,1,0,0,0,0,0,1,0,0
819,600,1200,0,0,0,0,0,0,0,1,0,0,0,1,0,0,0,0,0,1,0,0
820,-1200,-300,0,0,0,0,0,0,0,1,0,0,0,1,0,0,0,0,0,1,0,0
821,1200,1800,0,0,0,0,0,0,0,1,0,0,0,1,0,0,0,0,0,1,0,0
822,1800,1950,0,0,0,0,0,0,0,1,0,0,0,1,0,0,0,0,0,1,0,0
823,1950,2020,0,0,0,0,0,0,0,1,0,0,0,0,0,0,0,0,0,1,0,0
824,1260,1302,0,0,0,1,0,0,0,0,0,0,0,0,1,0,0,0,0,0,0,0
825,1530,1912,0,0,0,1,0,0,0,0,0,0,0,0,1,0,0,0,0,0,0,0
826,1866,2020,0,0,0,1,0,0,0,0,0,0,0,0,1,0,0,0,0,0,0,0
827,1913,2017,0,0,0,1,0,0,0,0,0,0,0,0,1,0,0,0,0,0,0,0
828,1209,1312,0,0,0,1,0,0,0,0,0,0,0,0,1,0,0,0,0,0,0,0
829,1540,2017,0,0,0,1,0,0,0,0,0,0,0,0,1,0,0,0,0,0,0,0
833,1870,1895,0,0,0,0,0,0,1,0,0,0,0,0,0,0,0,0,0,0,0,0
834,1982,2020,0,0,0,0,0,0,0,0,1,0,0,1,0,0,0,0,0,0,0,0
835,-500,43,0,0,0,1,0,0,0,0,0,0,0,0,0,0,0,0,0,0,0,0
836,43,500,0,0,0,1,0,0,0,0,0,0,0,0,0,0,0,0,0,0,0,0
839,1788,1914,0,0,0,1,0,0,0,0,0,0,0,0,1,0,0,0,0,0,1,0
841,1073,2020,0,0,0,0,0,0,0,1,0,0,0,1,0,0,0,0,0,0,0,0
842,1730,2020,0,0,0,0,1,0,0,0,0,0,0,0,1,0,0,0,0,0,0,0
843,300,900,0,0,0,0,0,0,0,0,0,1,0,0,1,0,0,0,0,0,0,0
846,645,696,0,0,1,0,0,0,0,0,0,0,0,1,0,0,0,0,0,0,0,0
848,-200,70,0,0,0,0,0,0,0,0,0,1,0,0,0,0,0,0,0,0,0,0
849,1750,1850,0,0,0,0,1,0,0,0,0,0,0,0,0,0,1,0,0,0,0,0
850,-600,-51,0,0,0,1,0,0,0,0,0,0,0,0,0,0,0,0,0,0,0,0
851,1899,2020,0,0,0,0,1,0,0,0,0,0,0,0,0,0,0,0,0,0,0,0
852,-500,900,0,0,0,1,0,0,0,0,0,0,0,0,0,0,0,0,0,0,0,0
853,-500,900,0,0,0,1,0,0,0,0,0,0,0,0,0,0,0,0,0,0,0,0
854,-400,900,0,0,0,1,0,0,0,0,0,0,0,0,0,0,0,0,0,0,0,0
855,1900,2020,0,0,0,0,0,0,0,0,0,1,0,0,0,1,0,0,0,0,0,0
857,1738,2020,1,0,0,0,0,0,0,0,0,0,0,0,0,0,0,0,0,0,0,0
858,165,550,0,0,0,1,0,0,0,0,0,0,0,0,1,0,0,0,0,0,0,0
859,135,400,0,0,0,1,0,0,0,0,0,0,0,0,1,0,0,0,0,0,0,0
860,1704,2020,1,0,0,0,0,0,0,0,0,0,1,0,0,0,0,0,0,0,0,0
862,1907,2020,0,0,0,0,0,0,0,1,0,0,0,0,0,0,0,0,0,0,0,0
863,-550,450,0,0,0,1,0,0,0,0,0,0,0,0,0,0,0,0,0,0,0,0
866,1762,1950,0,0,1,0,0,0,0,0,0,0,0,0,0,0,0,1,0,0,0,0
867,1200,1500,0,0,0,0,0,0,0,1,0,0,0,1,0,0,0,0,0,0,0,0
869,855,1279,0,0,1,0,0,0,0,0,0,0,0,1,0,0,0,1,0,0,0,0
870,1990,2020,0,1,0,0,0,0,0,0,0,0,0,1,0,0,0,0,0,0,0,0
871,1848,2020,0,0,0,0,1,0,0,0,0,0,0,0,0,0,0,0,0,0,0,0
873,1962,1993,0,0,0,0,1,0,0,0,0,0,0,0,1,0,0,0,0,0,0,0
877,1989,2022,0,0,0,0,0,0,0,0,1,0,0,1,0,0,0,0,0,0,0,0
879,1860,2020,1,0,0,0,0,0,0,0,0,0,0,0,1,0,0,0,0,0,0,0
880,1870,2015,0,0,0,0,0,0,0,0,0,1,0,0,0,1,0,0,0,0,0,0
882,-450,425,0,0,0,1,0,0,0,0,0,0,0,0,0,0,0,0,0,0,0,0
883,1949,2020,0,1,0,0,0,0,0,0,0,0,0,0,1,0,0,1,0,0,0,0
884,1907,2022,1,0,0,0,0,0,0,0,0,0,1,0,0,0,0,0,0,0,0,0
885,-1960,2022,1,0,0,0,0,0,0,0,0,0,1,0,0,0,0,0,0,0,0,0
886,1990,2020,0,0,0,1,0,0,0,0,0,0,0,0,0,0,0,0,0,0,0,0
887,1990,2020,0,1,0,0,0,0,0,0,0,0,0,0,0,0,0,0,0,0,0,0
888,780,900,0,0,0,1,0,0,0,0,0,0,0,0,1,0,0,0,0,0,1,0
891,1956,2020,0,0,0,0,0,0,1,0,0,0,0,0,1,0,0,0,0,0,0,0
892,1960,2020,0,0,0,0,1,0,0,0,0,0,0,0,1,0,0,0,0,0,0,0
893,100,400,0,0,0,1,0,0,0,0,0,0,0,0,1,0,0,0,0,0,1,0
894,1968,2020,0,0,0,0,1,0,0,0,0,0,0,0,1,0,0,0,0,0,0,0
896,800,1571,0,0,1,0,0,0,0,0,0,0,0,1,0,0,0,0,0,0,0,0
897,1928,2020,0,0,1,0,0,0,0,0,0,0,0,0,0,0,0,0,0,0,0,0
898,1930,2020,0,0,0,0,1,0,0,0,0,0,0,0,0,0,0,0,0,0,0,0
899,1926,2020,0,0,0,0,0,0,0,0,1,0,0,0,0,1,0,0,0,0,0,0
900,-150,70,0,0,0,0,0,0,0,0,0,1,0,0,0,0,0,0,0,0,1,0
902,300,500,0,0,0,1,0,0,0,0,0,0,0,0,0,0,0,0,0,0,0,0
903,350,450,0,0,1,0,0,0,0,0,0,0,0,1,0,0,0,0,0,0,0,0
904,397,500,0,0,0,1,0,0,0,0,0,0,0,0,0,0,0,0,0,0,0,0
905,1260,1302,0,0,0,1,0,0,0,0,0,0,0,0,1,0,0,0,0,0,0,0
906,1963,2020,0,0,0,1,0,0,0,0,0,0,0,0,1,0,0,0,0,0,1,0
908,1980,2020,0,0,1,0,0,0,0,0,0,0,0,0,1,0,0,1,0,0,0,0
910,1968,1998,0,0,0,0,1,0,0,0,0,0,0,0,1,0,0,0,1,0,0,0
911,1260,1302,0,0,0,1,0,0,0,0,0,0,0,0,1,0,0,0,0,0,0,0
914,1258,2020,1,0,0,0,0,0,0,0,0,0,0,0,0,1,0,0,0,0,0,0
915,2000,2020,0,0,0,0,1,0,0,0,0,0,0,0,1,0,0,0,0,0,0,0
916,1530,2017,0,0,0,1,0,0,0,0,0,0,0,0,1,0,0,0,0,0,0,0
917,-500,-50,0,0,0,1,0,0,0,0,0,0,0,0,0,0,0,0,0,0,0,0
918,-475,220,0,0,1,0,0,0,0,0,0,0,0,0,0,0,0,1,0,0,0,0
919,1995,2020,0,0,0,1,0,0,0,0,0,0,0,0,1,0,0,0,0,0,1,0
921,1700,2020,0,0,0,0,0,0,0,1,0,0,0,0,0,0,0,0,0,1,0,0
922,-50,400,0,0,0,1,0,0,0,0,0,0,0,0,0,0,0,0,0,0,0,0
923,200,700,0,0,0,1,0,0,0,0,0,0,0,0,0,0,0,0,0,0,0,0
924,1853,2022,1,0,0,0,0,0,0,0,0,0,0,0,0,0,0,0,0,0,0,0
925,220,650,0,0,0,0,0,0,0,0,0,1,0,0,0,0,0,0,0,0,0,0
926,842,2020,0,0,0,0,0,0,0,1,0,0,0,1,0,0,0,0,0,0,0,0
927,0,74,0,0,0,0,0,0,0,0,0,1,0,0,0,0,0,0,0,0,0,0
928,1860,1910,0,0,0,0,1,0,0,0,0,0,0,0,0,0,1,0,0,0,0,0
929,1143,2020,0,0,0,0,0,0,0,1,0,0,0,1,0,0,0,0,0,0,0,0
931,1580,2020,0,0,0,1,0,0,0,0,0,0,0,0,1,0,0,0,0,0,0,0
933,144,1000,0,0,0,1,0,0,0,0,0,0,0,0,1,0,0,0,0,0,0,0
934,1911,1940,0,1,0,0,0,0,0,0,0,0,0,1,0,0,0,0,0,0,0,0
935,1910,2020,1,0,0,0,0,0,0,0,0,0,1,0,0,0,0,0,0,0,0,0
937,-800,394,0,0,0,1,0,0,0,0,0,0,0,0,0,0,0,0,0,0,0,0
938,-1600,-1185,0,0,0,0,0,0,0,0,0,1,0,0,0,0,0,0,0,0,0,0
939,1875,1900,0,0,0,0,0,1,0,0,0,0,0,0,0,0,0,0,0,0,0,0
940,-31,68,0,0,0,1,0,0,0,0,0,0,0,0,0,0,0,0,0,0,0,0
941,1600,1700,0,0,1,0,0,0,0,0,0,0,0,1,0,0,0,1,0,0,0,0
942,1816,2020,1,0,0,0,0,0,0,0,0,0,0,0,1,0,0,0,0,0,0,0
943,1752,2020,0,0,0,0,1,0,0,0,0,0,0,0,1,0,1,0,0,0,0,0
944,1620,1700,0,0,0,1,0,0,0,0,0,0,0,0,0,0,0,0,0,0,0,0
945,100,400,0,0,0,1,0,0,0,0,0,0,0,0,0,0,0,0,0,0,0,0
946,700,1959,0,0,0,0,0,0,0,1,0,0,0,1,0,0,0,0,0,0,0,0
948,120,300,0,0,0,0,0,0,0,0,0,1,0,0,1,0,0,0,0,0,0,0
949,1963,2020,0,0,0,0,1,0,0,0,0,0,0,0,0,0,0,0,0,0,0,0
950,1652,2020,1,0,0,0,0,0,0,0,0,0,0,0,1,0,0,0,0,0,0,0
952,1980,2020,0,0,0,0,0,0,0,0,0,1,1,0,0,0,0,0,0,0,0,0
953,1975,2020,0,0,0,0,0,0,0,1,0,0,0,0,0,0,0,0,0,0,0,0
955,600,800,0,0,0,1,0,0,0,0,0,0,0,0,1,0,0,0,0,0,0,0
956,-500,-55,0,0,0,1,0,0,0,0,0,0,0,0,0,0,0,0,0,0,0,0
957,-800,-300,0,0,0,1,0,0,0,0,0,0,0,0,0,0,0,0,0,0,0,0
958,1540,1773,0,0,0,1,0,0,0,0,0,0,0,0,0,0,0,0,0,0,0,0
959,-55,286,0,0,0,1,0,0,0,0,0,0,0,0,0,0,0,0,0,0,0,0
960,1000,2020,0,0,0,0,0,0,0,1,0,0,0,1,0,0,0,0,0,1,0,0
961,1885,2020,0,0,0,1,0,0,0,0,0,0,0,0,0,0,0,0,0,0,0,0
962,1400,2000,0,0,1,0,0,0,0,0,0,0,0,1,0,0,0,0,0,0,0,0
963,1119,1312,0,0,0,1,0,0,0,0,0,0,0,0,1,0,0,0,0,0,1,0
964,1800,2020,0,0,0,0,0,0,0,1,0,0,0,0,0,0,0,0,0,1,0,0
965,323,548,1,0,0,0,0,0,0,0,0,0,0,0,0,0,0,0,0,0,0,0
966,1318,2020,0,1,0,0,0,0,0,0,0,0,0,0,0,1,0,0,0,0,0,0
967,1825,2020,0,0,0,1,0,0,0,0,0,0,0,0,0,0,0,0,0,0,0,0
968,1683,2021,0,0,0,0,1,0,0,0,0,0,0,0,1,0,0,0,0,0,1,0
969,1891,1940,0,0,0,0,0,0,0,1,0,0,0,1,0,0,0,0,0,0,0,0
970,-323,500,0,0,0,1,0,0,0,0,0,0,0,0,0,0,0,0,0,0,0,0
971,500,2020,0,0,0,0,0,0,0,1,0,0,0,0,0,0,0,0,0,1,0,0
972,431,1500,0,0,0,0,0,0,0,0,0,1,0,0,0,0,0,0,0,0,0,0
973,1845,2019,0,0,0,0,0,0,0,1,0,0,0,0,0,0,0,0,0,0,0,0
974,1204,1261,0,0,0,0,0,0,0,0,0,1,0,0,1,0,0,0,0,0,1,0
975,1980,2020,0,0,0,0,1,0,0,0,0,0,0,0,0,0,0,0,0,0,0,0
976,1187,2019,0,0,0,0,0,0,0,1,0,0,0,0,0,0,0,0,0,0,0,0
977,1200,2020,0,0,0,0,0,0,0,1,0,0,0,0,0,1,0,0,0,1,0,0
978,1500,2020,0,0,0,0,0,0,0,0,1,0,0,0,1,0,0,0,0,0,0,0
980,1175,1333,0,0,1,0,0,0,0,0,0,0,0,1,0,0,0,0,0,0,0,0
981,1930,2020,0,0,0,0,1,0,0,0,0,0,0,0,0,1,0,0,0,0,0,0
982,-499,100,0,0,0,0,0,0,0,0,0,1,0,0,0,0,0,0,0,0,1,0
983,600,2020,0,0,0,0,0,0,0,1,0,0,0,1,0,0,0,0,0,0,0,0
984,1520,1565,0,0,0,1,0,0,0,0,0,0,0,0,1,0,0,0,0,0,0,0
985,1108,1299,0,0,0,1,0,0,0,0,0,0,0,0,1,0,0,0,0,0,0,0
986,150,529,0,0,0,1,0,0,0,0,0,0,0,0,0,0,0,0,0,0,0,0
987,1600,2020,0,0,0,0,0,0,0,1,0,0,0,0,0,0,0,0,0,0,0,0
988,1832,2020,0,0,0,0,1,0,0,0,0,0,0,0,1,0,0,0,0,0,0,0
989,1928,2020,0,0,0,1,0,0,0,0,0,0,0,0,0,0,0,0,0,0,0,0
991,1944,1969,0,0,0,0,1,0,0,0,0,0,0,1,0,0,0,0,0,0,0,0
993,-712,380,0,0,0,1,0,0,0,0,0,0,0,0,0,0,0,0,0,0,0,0
994,330,470,1,0,0,0,0,0,0,0,0,0,0,0,1,0,0,0,0,0,0,0
995,1841,2020,0,0,0,0,0,0,0,1,0,0,0,0,0,0,0,0,0,1,0,0
997,-2950,-2670,1,0,0,0,0,0,0,0,0,0,1,0,0,0,0,0,0,0,0,0
1004,-200,300,0,0,0,1,0,0,0,0,0,0,0,0,0,0,0,0,0,0,0,0
1005,-2600,-539,0,0,0,0,0,0,0,1,0,0,0,0,0,0,0,0,0,0,0,0
1006,-2670,-2168,1,0,0,0,0,0,0,0,0,0,1,0,0,0,0,0,0,0,0,0
1008,-2168,-2010,1,0,0,0,0,0,0,0,0,0,1,0,0,0,0,0,0,0,0,0
1010,-530,200,0,0,0,1,0,0,0,0,0,0,0,0,0,0,0,0,0,0,0,0
1011,-800,-550,0,0,0,0,0,0,0,0,0,1,0,0,0,0,0,0,0,0,0,0
1012,550,1500,1,0,0,0,0,0,0,0,0,0,0,0,1,0,0,0,0,0,0,0
1013,1510,1640,0,0,0,0,0,0,0,1,0,0,0,0,1,1,0,0,0,1,0,0
1015,-4000,-2950,1,0,0,0,0,0,0,0,0,0,1,0,0,0,0,0,0,0,0,0
1016,-4000,-3400,1,0,0,0,0,0,0,0,0,0,1,0,0,0,0,0,0,0,0,0
1024,1200,1920,0,0,1,0,0,0,0,0,0,0,0,1,0,0,0,1,0,0,0,0
1028,1100,1250,0,0,0,1,0,0,0,0,0,0,0,0,0,0,0,0,0,0,0,0
1031,300,600,0,0,0,1,0,0,0,0,0,0,0,0,0,0,0,0,0,0,0,0
1037,-1100,-650,1,0,0,0,0,0,0,0,0,0,1,0,0,0,0,0,0,0,0,0
1038,1644,1911,0,0,1,0,0,0,0,0,0,0,0,0,0,0,0,1,0,0,0,0
1039,-1550,-1070,1,0,0,0,0,0,0,0,0,0,1,0,0,0,0,0,0,0,0,0
1041,1600,2021,0,0,1,0,0,0,0,0,0,0,0,0,1,0,0,0,0,0,1,0
1043,1500,2020,0,0,0,0,0,0,0,0,1,0,0,0,0,1,0,0,0,0,1,0
1044,-141,-87,0,0,1,0,0,0,0,0,0,0,0,0,0,0,0,1,0,0,0,0
1049,-4500,-3600,0,0,0,0,0,0,0,0,0,1,0,0,0,0,0,0,0,0,0,0
1051,-1960,-1550,1,0,0,0,0,0,0,0,0,0,0,0,0,0,0,0,0,0,0,0
1060,1500,1600,0,0,1,0,0,0,0,0,0,0,0,0,0,0,0,1,0,0,0,0
1069,-1504,-1069,1,0,0,0,0,0,0,0,0,0,0,0,0,0,0,0,0,0,0,0
1071,2001,2021,1,0,0,0,0,0,0,0,0,0,0,0,0,0,0,0,0,0,0,0
1076,1560,1773,0,0,0,0,0,0,0,1,0,0,0,0,1,0,0,0,0,0,0,0
1083,1625,2021,0,0,0,0,0,0,0,1,0,0,0,1,0,0,0,0,0,0,0,0
1087,969,1400,0,0,0,1,0,0,0,0,0,0,0,0,1,0,0,0,0,0,0,0
1095,1947,1958,0,0,0,0,0,0,0,1,0,0,0,0,0,1,0,0,0,0,0,0
1101,1710,1730,0,0,0,0,1,0,0,0,0,0,0,0,0,0,1,0,0,0,0,0
1106,-2750,-2150,1,0,0,0,0,0,0,0,0,0,1,0,0,0,0,0,0,0,0,0
1108,0,600,0,0,0,0,0,0,0,0,0,1,0,0,1,0,0,0,0,0,1,0
1109,960,1279,0,0,1,0,0,0,0,0,0,0,0,0,0,0,0,1,0,0,0,0
1110,1845,1875,0,0,0,0,1,0,0,0,0,0,0,0,0,0,1,0,0,0,0,0
1125,-1292,-1070,1,0,0,0,0,0,0,0,0,0,1,0,0,0,0,0,0,0,0,0
1127,1890,2021,0,0,1,0,0,0,0,0,0,0,0,0,0,0,0,0,0,0,1,0
1129,-700,476,0,0,0,1,0,0,0,0,0,0,0,0,0,0,0,0,0,0,0,0
1133,-305,284,1,0,0,0,0,0,0,0,0,0,0,0,0,0,0,0,0,0,0,0
1134,538,2022,0,0,1,0,0,0,0,0,0,0,0,0,0,0,0,1,0,0,0,0
1136,1910,1951,0,0,1,0,0,0,0,0,0,0,0,1,0,0,0,1,0,0,0,0
1140,220,589,0,0,1,0,0,0,0,0,0,0,0,0,0,0,0,1,0,0,0,0
1149,618,906,0,0,1,0,0,0,0,0,0,0,0,0,0,0,0,1,0,0,0,0
1153,1784,1867,0,0,0,0,1,0,0,0,0,0,0,0,0,0,0,0,0,0,0,0
1154,1500,1950,0,0,1,0,0,0,0,0,0,0,0,0,0,0,0,1,0,0,0,0
1156,1429,1939,0,1,0,0,0,0,0,0,0,0,0,0,0,0,0,0,0,0,0,0
1162,400,1400,0,0,1,0,0,0,0,0,0,0,0,0,0,0,0,1,0,0,0,0
1172,500,700,0,0,1,0,0,0,0,0,0,0,0,0,0,0,0,1,0,0,0,0
1175,-1500,-300,0,0,0,0,0,0,0,0,0,1,0,0,0,0,0,0,0,0,0,0
1178,1997,2021,0,0,0,0,0,0,1,0,0,0,0,0,0,0,0,0,0,0,0,0
1180,1600,2020,0,0,0,0,0,0,0,0,1,0,0,0,0,0,0,0,0,1,0,0
1183,-2100,-2000,0,0,0,0,0,0,0,0,0,1,0,0,0,0,0,0,0,0,0,0
1187,-850,-700,0,0,0,0,0,0,0,0,0,1,0,0,0,0,0,0,0,0,0,0
1189,-920,-713,0,0,0,0,0,0,0,0,0,1,0,0,0,0,0,0,0,0,0,0
1190,-850,-580,0,0,0,0,0,0,0,0,0,1,0,0,0,0,0,0,0,0,0,0
1191,-300,200,1,0,0,0,0,0,0,0,0,0,0,0,0,0,0,0,0,0,0,0
1192,1945,2021,0,0,0,0,0,0,0,0,1,0,0,0,0,0,0,0,0,0,0,0
1196,1910,1940,0,0,0,0,1,0,0,0,0,0,0,0,0,0,0,0,0,0,0,0
1197,1917,1991,0,0,0,1,0,0,0,0,0,0,0,0,0,0,0,0,0,0,0,0
1199,1905,1934,1,0,0,0,0,0,0,0,0,0,1,0,0,0,0,0,0,0,0,0
1210,1920,1950,1,0,0,0,0,0,0,0,0,0,0,0,0,0,0,0,0,0,0,0
1218,1870,2021,0,0,1,0,0,0,0,0,0,0,0,0,0,0,0,0,0,0,0,0
1220,1227,2023,0,1,0,0,0,0,0,0,0,0,0,1,0,0,0,0,0,0,0,0
1223,1885,1910,0,0,0,0,0,0,0,1,0,0,0,0,0,0,0,0,0,1,0,0
1227,-800,360,1,0,0,0,0,0,0,0,0,0,0,0,0,0,0,0,0,0,0,0
1228,1915,1940,0,0,0,0,0,1,0,0,0,0,0,0,0,0,0,0,0,0,0,0
1229,1950,2021,0,1,0,0,0,0,0,0,0,0,0,0,1,0,0,1,0,0,0,0
1231,1100,2021,0,0,1,0,0,0,0,0,0,0,0,0,0,0,0,1,0,0,0,0
1234,1880,1910,1,0,0,0,0,0,0,0,0,0,1,0,0,0,0,0,0,0,0,0
1240,1900,1935,1,0,0,0,0,0,0,0,0,0,1,0,0,0,0,0,0,0,0,0
1241,1837,1866,0,0,1,0,0,0,0,0,0,0,0,0,0,0,0,1,0,0,0,0
1246,1895,1925,1,0,0,0,0,0,0,0,0,0,1,0,0,0,0,0,0,0,0,0
1247,1885,1885,0,0,0,0,1,0,0,0,0,0,0,0,1,0,0,0,0,0,1,0
1248,-1972,-1718,0,0,0,0,0,0,0,0,0,1,0,0,0,0,0,0,0,0,0,0
1249,-294,14,0,0,0,1,0,0,0,0,0,0,0,0,0,0,0,0,0,0,0,0
1250,850,1350,0,0,0,0,0,0,0,0,0,1,0,0,0,1,0,0,0,0,1,0
1251,1880,1910,1,0,0,0,0,0,0,0,0,0,1,0,0,0,0,0,0,0,0,0
1257,-1000,-500,0,0,0,0,0,0,0,0,0,1,0,0,0,0,0,0,0,0,0,0
1258,-1000,-586,0,0,0,0,0,0,0,0,0,1,0,0,0,0,0,0,0,0,1,0
1259,1200,1900,0,1,0,0,0,0,0,0,0,0,0,0,0,0,0,0,0,0,0,0
1263,-500,-399,1,0,0,0,0,0,0,0,0,0,0,0,0,0,0,0,0,0,1,0
1264,-598,-447,0,0,0,0,0,0,0,0,0,1,0,0,0,0,0,0,0,0,0,0
1268,360,570,0,0,0,0,0,0,0,0,0,1,0,0,0,0,0,0,0,0,0,0
1274,1861,1945,0,0,1,0,0,0,0,0,0,0,0,0,0,0,0,0,0,0,0,0
1279,1593,2004,0,0,0,0,0,0,0,0,1,0,0,0,0,1,0,0,0,0,0,0
1281,1910,1945,1,0,0,0,0,0,0,0,0,0,1,0,0,0,0,0,0,0,0,0
1283,1500,2002,0,0,0,0,0,0,0,0,1,0,0,0,0,1,0,0,0,0,0,0
1284,-1200,-330,0,0,0,0,0,0,0,0,0,1,0,0,0,0,0,0,0,0,0,0
1288,1510,1650,0,0,0,0,0,0,0,1,0,0,0,0,0,0,0,0,0,0,0,0
1289,1500,2004,0,0,0,0,0,0,0,0,1,0,0,0,0,1,0,0,0,0,0,0
1293,-2000,2022,0,0,0,0,1,0,0,0,0,0,0,0,0,0,0,0,0,0,0,0
1295,311,600,1,0,0,0,0,0,0,0,0,0,0,0,0,0,0,0,0,0,0,0
1299,1940,1965,0,1,0,0,0,0,0,0,0,0,0,0,1,0,0,0,0,0,0,0
1300,1990,2022,0,0,0,0,1,0,0,0,0,0,0,0,0,0,1,0,0,0,0,0
1301,-200,1000,0,0,0,0,0,0,1,0,0,0,0,0,0,0,0,0,1,0,0,0
1303,-1400,-1200,0,0,0,0,0,0,0,0,0,1,0,0,0,0,0,0,0,0,0,0
1304,1875,2022,0,0,0,0,1,0,0,0,0,0,0,0,0,0,1,0,0,0,0,0
1306,-1200,-600,0,0,0,0,0,0,0,0,0,1,0,0,0,0,0,0,0,0,0,0
1307,1845,2022,0,0,0,0,1,0,0,0,0,0,0,0,1,0,0,0,0,0,0,0
1308,275,530,0,0,0,0,0,0,0,0,0,1,0,0,0,0,0,0,0,0,1,0
1309,315,500,1,0,0,0,0,0,0,0,0,0,1,0,1,0,0,0,0,0,0,0
1311,1870,2022,0,0,0,0,1,0,0,0,0,0,0,0,0,0,0,0,0,0,0,0
1312,1400,2022,0,0,0,0,0,0,0,1,0,0,0,0,0,0,0,0,0,0,0,0
1319,1968,2022,0,0,0,0,1,0,0,0,0,0,0,0,0,0,0,0,0,0,0,0
1321,1853,2022,1,0,0,0,0,0,0,0,0,0,0,0,0,0,0,0,0,0,0,0
1322,361,363,0,0,0,1,0,0,0,0,0,0,0,0,0,0,0,0,0,0,0,0
1323,1910,1935,1,0,0,0,0,0,0,0,0,0,1,0,0,0,0,0,0,0,0,0
1329,-9700,-6600,0,0,0,0,0,0,0,0,0,1,0,0,0,0,0,0,0,0,0,0
1333,150,600,0,0,0,1,0,0,0,0,0,0,0,0,0,0,0,0,0,0,0,0
1334,1980,2022,0,0,0,0,1,0,0,0,0,0,0,0,0,0,0,0,0,0,0,0
1335,1575,1700,0,0,0,1,0,0,0,0,0,0,0,0,0,0,0,0,0,0,0,0
1337,-1200,-600,0,0,0,0,0,0,0,0,0,1,0,0,0,0,0,0,0,0,0,0
1340,1957,2023,0,0,0,1,0,0,0,0,0,0,0,0,0,0,0,0,0,0,0,0
1341,1960,2022,0,0,0,0,1,0,0,0,0,0,0,0,0,1,0,0,0,0,0,0
1344,1840,1920,0,0,1,0,0,0,0,0,0,0,0,1,0,0,0,0,0,0,0,0
1348,2012,2022,0,0,0,0,0,0,0,0,0,1,0,0,1,0,0,0,0,0,1,0
1349,1124,1991,0,1,0,0,0,0,0,0,0,0,0,0,0,0,0,1,0,0,0,0
1352,2,21,0,0,0,0,0,0,0,1,0,0,0,0,0,0,0,0,0,0,0,0
1357,100,400,0,0,0,0,0,0,0,0,0,1,0,0,0,0,0,0,0,0,0,0
1363,200,900,0,0,0,0,0,0,1,0,0,0,0,0,0,0,0,0,1,0,0,0
1369,-750,80,0,0,0,0,0,0,0,0,0,1,0,0,0,0,0,0,0,0,0,0
1370,1935,1960,1,0,0,0,0,0,0,0,0,0,0,0,0,1,0,0,0,0,0,0
1371,1979,2022,0,0,0,0,0,0,0,0,0,1,0,0,0,1,0,0,0,0,1,0
1374,1560,1620,0,0,0,1,0,0,0,0,0,0,0,0,1,0,0,0,0,0,1,0
1376,1900,2022,1,0,0,0,0,0,0,0,0,0,1,0,1,0,0,0,0,0,0,0
1386,1807,1950,0,0,1,0,0,0,0,0,0,0,0,0,0,0,0,1,0,0,0,0
1390,1855,1880,0,0,0,0,1,0,0,0,0,0,0,0,0,0,1,0,0,0,0,0
1392,360,900,0,0,0,0,0,0,0,0,0,1,0,0,1,0,0,0,0,0,0,0
1396,-304,-30,1,0,0,0,0,0,0,0,0,0,1,0,0,0,0,0,0,0,0,0
1397,400,1000,0,0,0,0,1,0,0,0,0,0,0,0,0,0,0,0,0,0,0,0
1399,-1550,-1350,0,0,0,0,0,0,0,0,0,1,0,0,0,0,0,0,0,0,0,0
1400,300,516,0,0,1,0,0,0,0,0,0,0,0,0,0,0,0,1,0,0,0,0
1404,-300,450,0,0,0,0,0,0,0,0,0,1,0,0,0,0,0,0,0,0,0,0
1409,-1500,-400,0,0,0,0,1,0,0,0,0,0,0,0,0,0,0,0,0,0,0,0
1412,1838,2022,0,1,0,0,0,0,0,0,0,0,0,0,0,0,0,0,0,0,0,0
1415,350,398,0,0,0,1,0,0,0,0,0,0,0,0,1,0,0,0,0,0,0,0
1419,-1550,-1425,1,0,0,0,0,0,0,0,0,0,1,0,0,0,0,0,0,0,0,0
1420,1785,1810,0,0,0,0,1,0,0,0,0,0,0,0,0,0,1,0,0,0,0,0
1425,-1800,-1500,0,0,1,0,0,0,0,0,0,0,0,0,0,0,0,1,0,0,0,0
1426,1580,1740,0,0,1,0,0,0,0,0,0,0,0,0,0,0,0,0,0,0,0,0
1433,250,258,0,0,0,1,0,0,0,0,0,0,0,0,1,0,0,0,0,0,0,0
1434,1912,1937,0,0,0,0,0,0,1,0,0,0,0,0,0,0,0,0,1,0,0,0
1436,320,536,0,0,0,0,0,0,0,0,0,1,0,0,1,0,0,0,0,0,0,0
1441,1325,1521,0,0,0,0,1,0,0,0,0,0,0,0,0,0,0,0,0,0,0,0
1450,1855,1880,0,0,0,0,0,0,1,0,0,0,0,0,0,0,0,0,1,0,0,0
1451,-3600,-2400,0,0,0,0,0,0,0,0,0,1,0,0,0,0,0,0,0,0,0,0
1454,1337,1351,0,0,0,1,0,0,0,0,0,0,0,0,1,0,0,0,0,0,0,0
1455,1943,1958,0,0,0,0,0,0,0,0,0,1,0,0,0,1,0,0,0,0,0,0
1456,-2000,-1550,0,0,0,0,0,0,0,0,0,1,0,0,0,0,0,0,0,0,0,0
1458,1935,1960,1,0,0,0,0,0,0,0,0,0,1,0,0,0,0,0,0,0,0,0
1461,1935,1960,0,0,0,1,0,0,0,0,0,0,0,0,1,0,0,0,0,0,0,0
1466,1800,1980,1,0,0,0,0,0,0,0,0,0,0,0,0,1,0,0,0,0,0,0
1468,325,451,0,0,0,1,0,0,0,0,0,0,0,0,1,0,0,0,0,0,0,0
1469,300,1532,0,0,0,0,0,0,1,0,0,0,0,0,0,0,0,0,1,0,0,0
1474,1945,1970,0,0,0,0,0,0,1,0,0,0,0,0,0,0,0,0,1,0,0,0
1488,1869,1894,0,0,0,0,0,0,1,0,0,0,0,0,0,0,0,0,1,0,0,0
1492,1925,1950,0,0,0,0,0,0,1,0,0,0,0,0,0,0,0,0,1,0,0,0
1495,1997,2022,0,0,0,1,0,0,0,0,0,0,0,1,0,0,0,0,0,0,0,0
1511,1804,1903,1,0,0,0,0,0,0,0,0,0,0,0,0,1,0,0,0,0,1,1
1517,1936,1962,1,0,0,0,0,0,0,0,0,0,0,0,0,1,0,0,0,0,0,0
1521,1256,1400,0,0,0,1,0,0,0,0,0,0,0,0,0,0,0,0,0,0,0,0
1522,1781,2022,1,0,0,0,0,0,0,0,0,0,0,0,0,1,0,0,0,0,0,1
1529,720,743,0,0,0,1,0,0,0,0,0,0,0,0,1,0,0,0,0,0,0,0
1535,1921,1956,1,0,0,0,0,0,0,0,0,0,0,0,0,1,0,0,0,0,0,0
1542,1913,2022,0,0,0,0,0,0,1,0,0,0,0,0,0,0,0,0,0,0,0,0
1544,1596,2022,0,0,0,1,0,0,0,0,0,0,0,0,1,0,0,0,0,0,0,0
1555,1970,2022,0,0,0,0,0,0,0,0,0,1,0,0,0,1,0,0,0,0,0,1
1556,75,450,0,0,0,1,0,0,0,0,0,0,0,0,0,0,0,0,0,0,0,0
1570,1900,2024,0,0,0,0,0,0,0,1,0,0,0,0,0,1,0,0,0,0,0,0
1574,-2000,-1800,0,0,0,0,0,0,0,0,0,1,0,0,0,0,0,0,0,0,0,0
1582,-300,500,0,0,0,1,0,0,0,0,0,0,0,0,0,0,0,0,0,0,0,0
1607,897,1700,0,0,0,0,0,0,0,0,0,1,0,0,0,1,0,0,0,0,0,0
1615,-300,400,0,0,0,0,1,0,0,0,0,0,0,0,0,0,0,0,0,0,0,0
1619,1200,2023,0,0,0,1,0,0,0,0,0,0,0,0,0,0,0,0,0,0,0,0
1621,1700,2023,0,0,0,1,0,0,0,0,0,0,0,0,0,0,0,0,0,0,0,0
1624,-900,-612,0,0,0,0,0,0,0,0,0,1,0,0,0,0,0,0,0,0,0,0
1626,-800,-400,0,0,0,1,0,0,0,0,0,0,0,0,0,0,0,0,0,0,0,0
1627,1978,2023,0,0,0,0,1,0,0,0,0,0,0,1,0,0,0,1,0,0,0,0
1636,814,823,0,0,0,1,0,0,0,0,0,0,0,0,1,0,0,0,0,0,0,0
1653,341,589,0,0,0,1,0,0,0,0,0,0,0,0,0,0,0,0,0,0,1,0
1654,1981,2023,1,0,0,0,0,0,0,0,0,0,0,0,0,1,0,0,0,0,0,1
1667,1850,1951,1,0,0,0,0,0,0,0,0,0,0,0,0,1,0,0,0,0,0,0
1677,-1650,-1180,0,0,0,0,0,0,0,0,0,1,0,0,0,0,0,0,0,0,0,0
1688,325,671,0,0,0,1,0,0,0,0,0,0,0,0,0,0,0,0,0,0,1,0
1689,1516,1919,0,0,0,0,0,0,0,0,0,1,0,0,0,1,0,0,0,0,1,0
1690,843,1054,0,0,0,1,0,0,0,0,0,0,0,0,0,0,0,0,0,0,0,0
1694,1054,1204,0,0,0,1,0,0,0,0,0,0,0,0,1,0,0,0,0,0,0,0
1697,450,1450,0,0,0,1,0,0,0,0,0,0,0,0,0,0,0,0,0,0,0,0
1701,1120,2023,0,0,0,1,0,0,0,0,0,0,0,0,0,0,0,0,0,0,0,0
1703,1265,1310,0,0,0,1,0,0,0,0,0,0,0,0,0,0,0,0,0,0,0,0
1706,-200,700,0,0,0,0,0,0,1,0,0,0,0,0,0,0,0,0,1,0,0,0
1708,708,2023,0,0,0,0,0,0,0,0,0,1,0,0,0,1,0,0,0,0,0,0
1709,1115,1269,1,0,0,0,0,0,0,0,0,0,1,0,0,1,0,0,0,0,0,0
1714,2019,2022,0,0,0,1,0,0,0,0,0,0,0,0,0,0,0,0,0,0,0,0
1734,-1600,-400,0,0,0,0,0,0,1,0,0,0,0,0,0,0,0,0,1,0,0,0
1737,661,2023,0,0,0,0,0,0,0,0,0,1,0,0,0,1,0,0,0,0,1,0
1740,669,690,0,0,0,1,0,0,0,0,0,0,0,0,1,0,0,0,0,0,1,0
1741,1891,2023,1,0,0,0,0,0,0,0,0,0,0,0,0,0,0,0,0,0,0,0
1759,1195,2023,1,0,0,0,0,0,0,0,0,0,0,0,0,1,0,0,0,0,1,0
1774,1557,1864,1,0,0,0,0,0,0,0,0,0,0,0,0,0,0,0,0,0,0,0
1776,1881,1939,1,0,0,0,0,0,0,0,0,0,0,0,0,0,0,0,0,0,0,0
1777,1881,1939,1,0,0,0,0,0,0,0,0,0,0,0,0,1,0,0,0,0,0,0
1779,1956,2023,1,0,0,0,0,0,0,0,0,0,0,0,0,1,0,0,0,0,0,0
1780,1881,1939,1,0,0,0,0,0,0,0,0,0,0,0,0,0,0,0,0,0,0,0
1781,1969,2023,1,0,0,0,0,0,0,0,0,0,0,0,0,0,0,0,0,0,0,0
1791,1100,1200,0,0,0,0,0,0,0,0,0,1,0,0,0,1,0,0,0,0,1,0
1793,456,681,0,0,0,1,0,0,0,0,0,0,0,0,1,0,0,0,0,0,0,0
1805,1744,1819,0,0,0,0,0,0,0,0,0,1,0,0,0,1,0,0,0,0,0,1
1806,1800,1900,1,0,0,0,0,0,0,0,0,0,0,0,0,0,0,0,0,0,0,0
1808,1793,1864,1,0,0,0,0,0,0,0,0,0,0,0,0,1,0,0,0,0,0,0
1820,1980,2019,1,0,0,0,0,0,0,0,0,0,0,0,0,0,0,0,0,0,0,0
1829,1986,2019,1,0,0,0,0,0,0,0,0,0,0,0,0,0,0,0,0,0,0,0
1835,1948,2023,1,0,0,0,0,0,0,0,0,0,0,0,0,0,0,0,0,0,0,0
1845,1018,1536,0,0,0,1,0,0,0,0,0,0,0,0,0,0,0,0,0,0,0,0
1858,185,373,1,0,0,0,0,0,0,0,0,0,0,0,1,0,0,0,0,0,0,0
1869,1930,2015,1,0,0,0,0,0,0,0,0,0,1,0,0,0,0,0,0,0,0,0
1872,1947,2023,1,0,0,0,0,0,0,0,0,0,0,0,0,0,0,0,0,0,0,0
1897,1951,2023,1,0,0,0,0,0,0,0,0,0,0,0,0,0,0,0,0,0,0,0
1903,750,1258,0,0,0,0,0,0,0,0,0,1,0,1,0,1,0,0,0,0,0,0
1904,1800,2000,1,0,0,0,0,0,0,0,0,0,0,0,0,1,0,0,0,0,1,0
1908,1100,1300,0,0,1,0,0,0,0,0,0,0,0,0,0,0,0,0,0,0,0,0
1918,1950,2023,0,0,1,0,0,0,0,0,0,0,0,0,0,0,0,1,0,0,0,0
1928,1793,1864,1,0,0,0,0,0,0,0,0,0,0,0,0,1,0,0,0,0,0,0
1938,1850,2023,0,0,0,0,0,0,0,0,0,1,0,0,0,0,0,0,0,0,0,0
1940,1950,2023,1,0,0,0,0,0,0,0,0,0,0,0,0,0,0,0,0,0,0,0
1943,1990,2020,0,0,0,0,0,0,1,0,0,0,0,0,0,0,0,0,1,0,0,0
1945,-500,2023,0,0,0,0,0,0,0,1,0,0,0,0,0,0,0,0,0,0,0,0
1958,1915,2018,1,0,0,0,0,0,0,0,0,0,0,0,0,0,0,0,0,0,0,0
1961,1990,2023,1,0,0,0,0,0,0,0,0,0,0,0,0,0,0,0,0,0,0,0
1962,670,845,0,0,1,0,0,0,0,0,0,0,0,1,0,0,0,0,0,0,0,0
1966,1972,2023,1,0,0,0,0,0,0,0,0,0,1,0,0,0,0,0,0,0,0,0
1972,1970,2000,0,0,0,0,1,0,0,0,0,0,0,0,0,0,0,0,0,0,0,0
1974,1989,2023,1,0,0,0,0,0,0,0,0,0,0,0,0,0,0,0,0,0,0,0
1978,1965,2023,0,0,1,0,0,0,0,0,0,0,0,1,0,0,0,1,0,0,0,0
1983,400,600,0,0,0,0,0,0,0,0,0,1,0,0,0,0,0,0,0,0,0,0
1985,34,638,0,0,0,0,0,0,0,0,0,1,0,0,1,0,0,0,0,0,0,1
1989,-600,300,0,0,0,1,0,0,0,0,0,0,0,0,0,0,0,0,0,0,0,0
1993,-600,400,0,0,0,1,0,0,0,0,0,0,0,0,0,0,0,0,0,0,0,0
1994,1968,2023,1,0,0,0,0,0,0,0,0,0,0,0,0,0,0,0,0,0,0,0
2000,1933,2023,1,0,0,0,0,0,0,0,0,0,0,0,0,0,0,0,0,0,0,0
2003,1914,2023,1,0,0,0,0,0,0,0,0,0,0,0,0,0,0,0,0,0,0,0
2006,1972,2023,1,0,0,0,0,0,0,0,0,0,0,0,0,0,0,0,0,0,0,0
2009,-800,300,0,0,0,1,0,0,0,0,0,0,0,0,0,0,0,0,0,0,0,0
2010,1240,2023,0,0,0,1,0,0,0,0,0,0,0,0,0,1,0,0,0,0,0,0
2011,1885,2023,1,0,0,0,0,0,0,0,0,0,0,0,0,0,0,0,0,0,0,0
2016,909,1171,0,0,0,0,0,0,0,0,0,1,0,0,0,0,0,0,0,0,0,1
2021,1905,2023,1,0,0,0,0,0,0,0,0,0,0,0,0,0,0,0,0,0,0,0
2023,971,1152,1,0,0,0,0,0,0,0,0,0,0,0,0,1,0,0,0,0,0,1
2027,1953,2023,0,0,0,1,0,0,0,0,0,0,0,0,0,1,0,0,0,0,0,1
2031,800,909,1,0,0,0,0,0,0,0,0,0,0,0,0,1,0,0,0,0,0,1
2038,1000,1300,0,0,0,1,0,0,0,0,0,0,0,0,0,0,0,0,0,0,0,0
2048,777,909,1,0,0,0,0,0,0,0,0,0,0,0,0,1,0,0,0,0,0,1
2051,2022,2024,0,0,0,0,0,0,0,0,1,0,0,1,0,0,0,0,0,0,0,0
2052,1992,2023,1,0,0,0,0,0,0,0,0,0,0,0,0,0,0,0,0,0,0,0
2054,1918,2023,1,0,0,0,0,0,0,0,0,0,0,0,0,0,0,0,0,0,0,0
2061,1800,1900,1,0,0,0,0,0,0,0,0,0,0,0,0,0,0,0,0,0,0,0
2069,1969,2022,1,0,0,0,0,0,0,0,0,0,0,0,0,1,0,0,0,0,0,1
2070,2003,2018,1,0,0,0,0,0,0,0,0,0,0,0,0,0,0,0,0,0,1,0
2074,1905,1906,1,0,0,0,0,0,0,0,0,0,1,0,0,0,0,0,0,0,0,1
2084,1980,1985,1,0,0,0,0,0,0,0,0,0,0,0,0,0,0,0,0,0,0,1
2089,1974,2023,1,0,0,0,0,0,0,0,0,0,0,0,0,1,0,0,0,0,0,1
2094,100,1521,0,0,0,0,1,0,0,0,0,0,0,0,0,0,0,0,0,0,0,0
2100,1235,1554,1,0,0,0,0,0,0,0,0,0,0,0,0,0,0,0,0,0,0,1
2104,1700,1900,1,0,0,0,0,0,0,0,0,0,0,0,0,1,0,0,0,0,1,1
2111,700,1463,1,0,0,0,0,0,0,0,0,0,0,0,0,0,0,0,0,0,0,0
2114,1837,1990,1,0,0,0,0,0,0,0,0,0,0,0,0,1,0,0,0,0,0,1
2116,1804,1923,1,0,0,0,0,0,0,0,0,0,0,0,0,1,0,0,0,0,0,1
2121,1157,1200,0,0,0,1,0,0,0,0,0,0,0,0,0,0,0,0,0,0,0,0
2122,1978,2008,1,0,0,0,0,0,0,0,0,0,0,0,0,1,0,0,0,0,0,1
2126,1984,2023,1,0,0,0,0,0,0,0,0,0,0,0,0,1,0,0,0,0,0,1
2128,650,1700,0,0,0,1,0,0,0,0,0,0,0,0,0,0,0,0,0,0,1,0
2131,900,1470,0,0,0,0,0,0,1,0,0,0,0,0,0,0,0,0,1,0,0,0
2133,1923,2000,1,0,0,0,0,0,0,0,0,0,0,0,0,1,0,0,0,0,0,0
2138,1916,2024,1,0,0,0,0,0,0,0,0,0,0,0,0,0,0,0,0,0,1,1
2139,1980,2020,1,0,0,0,0,0,0,0,0,0,0,0,0,0,0,0,0,0,0,1
2147,1229,1574,1,0,0,0,0,0,0,0,0,0,0,0,0,1,0,0,0,0,0,1
2148,1705,1957,1,0,0,0,0,0,0,0,0,0,0,0,0,0,0,0,0,0,0,1
2149,330,1453,0,0,0,1,0,0,0,0,0,0,0,0,0,0,0,0,0,0,1,0
2157,1775,1815,0,0,0,0,1,0,0,0,0,0,0,0,0,0,0,0,0,0,0,0
2160,250,843,0,0,0,0,0,0,0,0,0,1,0,0,0,0,0,0,0,0,0,0
2166,395,1453,0,0,0,1,0,0,0,0,0,0,0,0,0,0,0,0,0,0,1,0
2168,-600,1100,0,0,0,0,1,0,0,0,0,0,0,0,0,0,0,0,0,0,0,0
2178,1918,2023,1,0,0,0,0,0,0,0,0,0,0,0,0,0,0,0,0,0,0,0
2180,1921,2024,0,0,0,0,1,0,0,0,0,0,0,0,0,0,0,0,0,0,0,0
2194,1952,2023,1,0,0,0,0,0,0,0,0,0,1,0,1,0,0,0,0,0,0,0
2200,1480,2024,1,0,0,0,0,0,0,0,0,0,0,0,0,0,0,0,0,0,0,0
2203,-476,220,0,0,1,0,0,0,0,0,0,0,0,0,0,0,0,1,0,0,0,0
2209,1842,2024,1,0,0,0,0,0,0,0,0,0,0,0,0,0,0,0,0,0,0,0
2210,1981,2024,1,0,0,0,0,0,0,0,0,0,0,0,0,0,0,0,0,0,0,0
2214,600,1000,0,0,0,0,0,0,1,0,0,0,0,0,0,0,0,0,0,0,0,0
2220,1923,2023,1,0,0,0,0,0,0,0,0,0,0,0,0,0,0,0,0,0,1,1
2225,700,1100,0,0,0,1,0,0,0,0,0,0,0,0,0,0,0,0,0,0,1,0
2228,1972,2024,1,0,0,0,0,0,0,0,0,0,0,0,0,0,0,0,0,0,0,0
2232,1350,1500,0,0,0,1,0,0,0,0,0,0,0,0,0,0,0,0,0,0,0,0
2233,1734,2024,0,0,1,0,0,0,0,0,0,0,0,1,0,0,0,1,0,0,0,0
2237,1217,2024,0,0,0,1,0,0,0,0,0,0,0,0,1,0,0,0,0,0,0,0
2238,1700,2000,1,0,0,0,0,0,0,0,0,0,0,0,0,1,0,0,0,0,1,1
2239,800,1200,0,0,0,0,1,0,0,0,0,0,0,0,0,0,1,0,0,0,0,0
2240,900,1532,0,0,0,0,0,0,1,0,0,0,0,0,0,0,0,0,0,0,0,0
2243,700,2024,0,1,0,0,0,0,0,0,0,0,0,0,0,1,0,0,0,0,0,1
2244,1204,1261,0,0,0,1,0,0,0,0,0,0,0,0,1,0,0,0,0,0,0,0
2245,652,1240,0,0,0,1,0,0,0,0,0,0,0,0,0,1,0,0,0,0,0,1
2246,819,1957,1,0,0,0,0,0,0,0,0,0,0,0,0,0,0,0,0,0,0,1
2247,647,712,1,0,0,0,0,0,0,0,0,0,0,0,0,0,0,0,0,0,0,1
2248,1631,1702,1,0,0,0,0,0,0,0,0,0,0,0,0,0,0,0,0,0,0,1
2255,1340,2024,0,1,0,0,0,0,0,0,0,0,0,0,0,1,0,0,0,0,0,0
2256,1700,2000,1,0,0,0,0,0,0,0,0,0,0,0,0,1,0,0,0,0,1,1
2264,1560,1720,0,0,0,1,0,0,0,0,0,0,0,0,0,0,0,0,0,0,0,0
2266,-571,343,0,0,1,0,0,0,0,0,0,0,0,0,0,0,0,1,0,0,0,0
2271,1964,2024,1,0,0,0,0,0,0,0,0,0,0,0,0,0,0,0,0,0,0,0
2273,1291,1368,0,0,1,0,0,0,0,0,0,0,0,0,0,0,0,1,0,0,0,0
2274,1920,2023,1,0,0,0,0,0,0,0,0,0,1,0,0,0,0,0,0,0,0,0
2276,-1045,-771,0,0,1,0,0,0,0,0,0,0,0,0,0,0,0,1,0,0,0,0
2278,1700,2024,1,0,0,0,0,0,0,0,0,0,0,0,0,1,0,0,0,0,1,1
2279,1890,2024,1,0,0,0,0,0,0,0,0,0,1,0,0,0,0,0,0,0,0,0
2283,283,364,0,0,1,0,0,0,0,0,0,0,0,0,0,0,0,1,0,0,0,0
2284,1300,1522,0,0,0,0,1,0,0,0,0,0,0,0,0,0,0,0,0,0,0,0
2286,-3500,-1300,0,0,0,0,0,0,1,0,0,0,0,0,0,0,0,0,0,0,0,0
2287,950,1532,0,0,0,0,0,0,1,0,0,0,0,0,0,0,0,0,0,0,0,0
2288,0,1150,0,0,0,0,1,0,0,0,0,0,0,0,0,0,0,0,0,0,0,0
2290,1200,2024,1,0,0,0,0,0,0,0,0,0,0,0,0,1,0,0,0,0,1,1
2297,1173,1699,0,0,0,1,0,0,0,0,0,0,0,0,1,0,0,0,0,0,0,0
2299,1100,1300,0,0,0,0,0,0,0,0,0,1,0,0,0,1,0,0,0,0,1,1
2301,1600,2024,0,0,0,1,0,0,0,0,0,0,0,0,0,0,0,0,0,0,1,1
2302,-3400,-1800,0,0,0,0,0,0,1,0,0,0,0,0,0,0,0,0,1,0,0,0
2308,711,726,0,0,0,1,0,0,0,0,0,0,0,0,0,0,0,0,0,0,0,1
2309,756,1031,0,0,0,1,0,0,0,0,0,0,0,0,0,0,0,0,0,0,0,1
2312,-1800,2024,1,0,0,0,0,0,0,0,0,0,1,0,0,0,0,0,0,0,0,0
2313,600,2024,0,1,0,0,0,0,0,0,0,0,0,0,0,0,0,0,0,0,1,0
2320,500,800,0,0,1,0,0,0,0,0,0,0,0,1,0,0,0,0,0,0,0,0
2321,1992,2024,0,0,1,0,0,0,0,0,0,0,0,1,0,0,0,1,0,0,0,0
2322,661,750,0,0,0,0,0,0,0,0,0,1,0,0,0,0,0,0,0,0,0,1
2324,1970,2024,1,0,0,0,0,0,0,0,0,0,0,0,0,1,0,0,0,0,0,1
2325,-200,900,0,0,1,0,0,0,0,0,0,0,0,0,0,0,0,1,0,0,0,0
2327,1900,2024,1,0,0,0,0,0,0,0,0,0,1,0,0,0,0,0,0,0,0,0
2328,1991,2024,0,0,1,0,0,0,0,0,0,0,0,0,1,0,0,1,0,0,0,0
2329,1937,2024,0,0,0,0,0,0,0,0,1,0,0,0,0,0,0,0,0,0,0,0
2330,1893,2024,1,0,0,0,0,0,0,0,0,0,0,0,0,0,0,0,0,0,0,0
2331,750,1517,0,0,0,0,0,0,0,0,0,1,0,0,0,1,0,0,0,0,0,1
2332,-800,50,0,0,0,0,0,0,0,0,0,1,0,0,0,0,0,0,0,0,0,0
2333,1930,2024,1,0,0,0,0,0,0,0,0,0,0,1,0,0,0,0,0,0,0,0
2335,1914,2024,1,0,0,0,0,0,0,0,0,0,0,0,0,0,0,0,0,0,0,0
2337,1350,1533,0,0,0,0,0,0,1,0,0,0,0,0,0,0,0,0,0,0,0,0
2339,1100,2024,1,0,0,0,0,0,0,0,0,0,0,0,0,0,0,0,0,0,0,0
2341,600,1521,0,0,0,0,1,0,0,0,0,0,0,0,0,0,0,0,0,0,0,0
2344,900,1200,0,0,0,0,0,0,1,0,0,0,0,0,0,0,0,0,1,0,0,0
2345,1950,2024,0,0,1,0,0,0,0,0,0,0,0,1,0,0,0,0,0,0,0,0
2346,1800,2024,1,0,0,0,0,0,0,0,0,0,0,0,0,0,0,0,0,0,0,0
2347,1222,2023,1,0,0,0,0,0,0,0,0,0,0,0,0,0,0,0,0,0,0,0
2348,-1200,-500,0,0,0,0,0,0,0,0,0,1,0,0,0,0,0,0,0,0,1,0
2349,1738,2024,1,0,0,0,0,0,0,0,0,0,0,0,0,0,0,0,0,0,0,0
2353,1617,1868,0,0,1,0,0,0,0,0,0,0,0,1,0,0,0,0,0,0,0,0
2360,600,1200,0,0,0,0,1,0,0,0,0,0,0,0,0,0,0,0,0,0,0,0
2361,1000,1700,0,0,0,0,1,0,0,0,0,0,0,0,0,0,1,0,0,0,0,0
2362,1037,1194,0,0,0,0,0,0,0,0,0,1,0,0,0,1,0,0,0,0,0,1
2363,1940,2024,1,0,0,0,0,0,0,0,0,0,0,0,0,1,0,0,0,0,0,1
2365,1502,1614,1,0,0,0,0,0,0,0,0,0,0,0,0,1,0,0,0,0,0,1
2366,1500,2024,1,0,0,0,0,0,0,0,0,0,0,0,0,0,0,0,0,0,1,1
2369,1787,1977,1,0,0,0,0,0,0,0,0,0,0,0,0,1,0,0,0,0,0,1
2371,1950,2020,0,0,0,0,1,0,0,0,0,0,0,0,0,0,1,0,0,0,0,0
